Item #,Type,Description,Dimensions,Qty,Unit Wt (lb/ft),Total Wt (lb),Material
1,Sheet Metal,"Sheet Metal Panel - 48.666666666666664""x48.0"" (16ga)",16ga,1,,39.62,Galvanized Steel
2,Sheet Metal,"Sheet Metal Panel - 48.666666666666664""x48.0"" (16ga)",16ga,1,,39.62,Galvanized Steel
3,Sheet Metal,"Sheet Metal Panel - 48.666666666666664""x48.0"" (16ga)",16ga,1,,39.62,Galvanized Steel
4,Sheet Metal,"Sheet Metal Panel - 48.666666666666664""x48.0"" (16ga)",16ga,1,,39.62,Galvanized Steel
5,Sheet Metal,"Sheet Metal Panel - 48.666666666666664""x48.0"" (16ga)",16ga,1,,39.62,Galvanized Steel
6,Sheet Metal,"Sheet Metal Panel - 48.666666666666664""x48.0"" (16ga)",16ga,1,,39.62,Galvanized Steel
7,Sheet Metal,"Sheet Metal Panel - 48.666666666666664""x48.0"" (16ga)",16ga,1,,39.62,Galvanized Steel
8,Sheet Metal,"Sheet Metal Panel - 48.666666666666664""x48.0"" (16ga)",16ga,1,,39.62,Galvanized Steel
9,Sheet Metal,"Sheet Metal Panel - 48.666666666666664""x48.0"" (16ga)",16ga,1,,39.62,Galvanized Steel
10,Sheet Metal,"Sheet Metal Panel - 48.666666666666664""x48.0"" (16ga)",16ga,1,,39.62,Galvanized Steel
11,Sheet Metal,"Sheet Metal Panel - 48.666666666666664""x48.0"" (16ga)",16ga,1,,39.62,Galvanized Steel
12,Sheet Metal,"Sheet Metal Panel - 48.666666666666664""x48.0"" (16ga)",16ga,1,,39.62,Galvanized Steel
13,Sheet Metal,"Sheet Metal Panel - 48.666666666666664""x48.0"" (16ga)",16ga,1,,39.62,Galvanized Steel
14,Sheet Metal,"Sheet Metal Panel - 48.666666666666664""x48.0"" (16ga)",16ga,1,,39.62,Galvanized Steel
15,Sheet Metal,"Sheet Metal Panel - 48.666666666666664""x48.0"" (16ga)",16ga,1,,39.62,Galvanized Steel
16,Sheet Metal,"Sheet Metal Panel - 48.666666666666664""x48.0"" (16ga)",16ga,1,,39.62,Galvanized Steel
17,Sheet Metal,"Sheet Metal Panel - 48.666666666666664""x48.0"" (16ga)",16ga,1,,39.62,Galvanized Steel
18,Sheet Metal,"Sheet Metal Panel - 48.666666666666664""x48.0"" (16ga)",16ga,1,,39.62,Galvanized Steel
19,Sheet Metal,"Sheet Metal Panel - 48.666666666666664""x96.0"" (16ga)",16ga,1,,79.23,Galvanized Steel
20,Sheet Metal,"Sheet Metal Panel - 48.666666666666664""x96.0"" (16ga)",16ga,1,,79.23,Galvanized Steel
21,Sheet Metal,"Sheet Metal Panel - 48.666666666666664""x96.0"" (16ga)",16ga,1,,79.23,Galvanized Steel
22,Sheet Metal,"Sheet Metal Panel - 48.666666666666664""x96.0"" (16ga)",16ga,1,,79.23,Galvanized Steel
23,Sheet Metal,"Sheet Metal Panel - 48.666666666666664""x96.0"" (16ga)",16ga,1,,79.23,Galvanized Steel
24,Sheet Metal,"Sheet Metal Panel - 48.666666666666664""x96.0"" (16ga)",16ga,1,,79.23,Galvanized Steel
25,Sheet Metal,"Sheet Metal Panel - 48.666666666666664""x96.0"" (16ga)",16ga,1,,79.23,Galvanized Steel
26,Sheet Metal,"Sheet Metal Panel - 48.666666666666664""x96.0"" (16ga)",16ga,1,,79.23,Galvanized Steel
27,Sheet Metal,"Sheet Metal Panel - 48.666666666666664""x96.0"" (16ga)",16ga,1,,79.23,Galvanized Steel
28,Sheet Metal,"Sheet Metal Panel - 48.666666666666664""x54.0"" (16ga)",16ga,1,,44.57,Galvanized Steel
29,Sheet Metal,"Sheet Metal Panel - 48.666666666666664""x54.0"" (16ga)",16ga,1,,44.57,Galvanized Steel
30,Sheet Metal,"Sheet Metal Panel - 48.666666666666664""x54.0"" (16ga)",16ga,1,,44.57,Galvanized Steel
31,Sheet Metal,"Sheet Metal Panel - 48.666666666666664""x54.0"" (16ga)",16ga,1,,44.57,Galvanized Steel
32,Sheet Metal,"Sheet Metal Panel - 48.666666666666664""x54.0"" (16ga)",16ga,1,,44.57,Galvanized Steel
33,Sheet Metal,"Sheet Metal Panel - 48.666666666666664""x54.0"" (16ga)",16ga,1,,44.57,Galvanized Steel
34,Sheet Metal,"Sheet Metal Panel - 48.666666666666664""x54.0"" (16ga)",16ga,1,,44.57,Galvanized Steel
35,Sheet Metal,"Sheet Metal Panel - 48.666666666666664""x54.0"" (16ga)",16ga,1,,44.57,Galvanized Steel
36,Sheet Metal,"Sheet Metal Panel - 48.666666666666664""x54.0"" (16ga)",16ga,1,,44.57,Galvanized Steel
37,Sheet Metal,"Sheet Metal Panel - 50.0""x48.0"" (16ga)",16ga,1,,40.70,Galvanized Steel
38,Sheet Metal,"Sheet Metal Panel - 50.0""x48.0"" (16ga)",16ga,1,,40.70,Galvanized Steel
39,Sheet Metal,"Sheet Metal Panel - 50.0""x48.0"" (16ga)",16ga,1,,40.70,Galvanized Steel
40,Sheet Metal,"Sheet Metal Panel - 50.0""x48.0"" (16ga)",16ga,1,,40.70,Galvanized Steel
41,Sheet Metal,"Sheet Metal Panel - 50.0""x48.0"" (16ga)",16ga,1,,40.70,Galvanized Steel
42,Sheet Metal,"Sheet Metal Panel - 50.0""x48.0"" (16ga)",16ga,1,,40.70,Galvanized Steel
43,Sheet Metal,"Sheet Metal Panel - 48.666666666666664""x96.0"" (16ga)",16ga,1,,79.23,Galvanized Steel
44,Sheet Metal,"Sheet Metal Panel - 48.666666666666664""x96.0"" (16ga)",16ga,1,,79.23,Galvanized Steel
45,Sheet Metal,"Sheet Metal Panel - 48.666666666666664""x96.0"" (16ga)",16ga,1,,79.23,Galvanized Steel
46,Sheet Metal,"Sheet Metal Panel - 48.666666666666664""x96.0"" (16ga)",16ga,1,,79.23,Galvanized Steel
47,Sheet Metal,"Sheet Metal Panel - 48.666666666666664""x96.0"" (16ga)",16ga,1,,79.23,Galvanized Steel
48,Sheet Metal,"Sheet Metal Panel - 48.666666666666664""x96.0"" (16ga)",16ga,1,,79.23,Galvanized Steel
49,Sheet Metal,"Sheet Metal Panel - 48.666666666666664""x96.0"" (16ga)",16ga,1,,79.23,Galvanized Steel
50,Sheet Metal,"Sheet Metal Panel - 48.666666666666664""x96.0"" (16ga)",16ga,1,,79.23,Galvanized Steel
51,Sheet Metal,"Sheet Metal Panel - 48.666666666666664""x96.0"" (16ga)",16ga,1,,79.23,Galvanized Steel
52,Sheet Metal,"Sheet Metal Panel - 48.666666666666664""x54.0"" (16ga)",16ga,1,,44.57,Galvanized Steel
53,Sheet Metal,"Sheet Metal Panel - 48.666666666666664""x54.0"" (16ga)",16ga,1,,44.57,Galvanized Steel
54,Sheet Metal,"Sheet Metal Panel - 48.666666666666664""x54.0"" (16ga)",16ga,1,,44.57,Galvanized Steel
55,Sheet Metal,"Sheet Metal Panel - 48.666666666666664""x54.0"" (16ga)",16ga,1,,44.57,Galvanized Steel
56,Sheet Metal,"Sheet Metal Panel - 48.666666666666664""x54.0"" (16ga)",16ga,1,,44.57,Galvanized Steel
57,Sheet Metal,"Sheet Metal Panel - 48.666666666666664""x54.0"" (16ga)",16ga,1,,44.57,Galvanized Steel
58,Sheet Metal,"Sheet Metal Panel - 48.666666666666664""x54.0"" (16ga)",16ga,1,,44.57,Galvanized Steel
59,Sheet Metal,"Sheet Metal Panel - 48.666666666666664""x54.0"" (16ga)",16ga,1,,44.57,Galvanized Steel
60,Sheet Metal,"Sheet Metal Panel - 48.666666666666664""x54.0"" (16ga)",16ga,1,,44.57,Galvanized Steel
61,MEP - Ductwork,Round Duct - Straight,"24.0"" Dia, L: 12.0""",1,,,
62,MEP - Ductwork,Round Duct - Straight,"24.0"" Dia, L: 96.0""",1,,,
63,MEP - Ductwork,Round Duct - Straight,"24.0"" Dia, L: 12.0""",1,,,
64,MEP - Ductwork,Round Duct - Straight,"24.0"" Dia, L: 96.0""",1,,,
65,MEP - Ductwork,Round Duct - Straight,"24.0"" Dia, L: 96.0""",1,,,
66,Sheet Metal,"Sheet Metal Panel - 32.0""x96.0"" (16ga)",16ga,1,,52.10,Galvanized Steel
67,Sheet Metal,"Sheet Metal Panel - 32.0""x96.0"" (16ga)",16ga,1,,52.10,Galvanized Steel
68,Sheet Metal,"Sheet Metal Panel - 32.0""x96.0"" (16ga)",16ga,1,,52.10,Galvanized Steel
69,Sheet Metal,"Sheet Metal Panel - 32.0""x57.0"" (16ga)",16ga,1,,30.93,Galvanized Steel
70,Sheet Metal,"Sheet Metal Panel - 32.0""x57.0"" (16ga)",16ga,1,,30.93,Galvanized Steel
71,Sheet Metal,"Sheet Metal Panel - 32.0""x57.0"" (16ga)",16ga,1,,30.93,Galvanized Steel
72,Sheet Metal,"Sheet Metal Panel - 32.0""x96.0"" (16ga)",16ga,1,,52.10,Galvanized Steel
73,Sheet Metal,"Sheet Metal Panel - 32.0""x96.0"" (16ga)",16ga,1,,52.10,Galvanized Steel
74,Sheet Metal,"Sheet Metal Panel - 32.0""x96.0"" (16ga)",16ga,1,,52.10,Galvanized Steel
75,Sheet Metal,"Sheet Metal Panel - 32.0""x57.0"" (16ga)",16ga,1,,30.93,Galvanized Steel
76,Sheet Metal,"Sheet Metal Panel - 32.0""x57.0"" (16ga)",16ga,1,,30.93,Galvanized Steel
77,Sheet Metal,"Sheet Metal Panel - 32.0""x57.0"" (16ga)",16ga,1,,30.93,Galvanized Steel
78,Sheet Metal,"Sheet Metal Panel - 32.0""x60.0"" (16ga)",16ga,1,,32.56,Galvanized Steel
79,Sheet Metal,"Sheet Metal Panel - 32.0""x60.0"" (16ga)",16ga,1,,32.56,Galvanized Steel
80,Sheet Metal,"Sheet Metal Panel - 32.0""x60.0"" (16ga)",16ga,1,,32.56,Galvanized Steel
81,Sheet Metal,"Sheet Metal Panel - 30.0""x96.0"" (16ga)",16ga,1,,48.84,Galvanized Steel
82,Sheet Metal,"Sheet Metal Panel - 30.0""x96.0"" (16ga)",16ga,1,,48.84,Galvanized Steel
83,Sheet Metal,"Sheet Metal Panel - 30.0""x96.0"" (16ga)",16ga,1,,48.84,Galvanized Steel
84,Sheet Metal,"Sheet Metal Panel - 30.0""x96.0"" (16ga)",16ga,1,,48.84,Galvanized Steel
85,Sheet Metal,"Sheet Metal Panel - 30.0""x96.0"" (16ga)",16ga,1,,48.84,Galvanized Steel
86,Sheet Metal,"Sheet Metal Panel - 30.0""x96.0"" (16ga)",16ga,1,,48.84,Galvanized Steel
87,Sheet Metal,"Sheet Metal Panel - 30.0""x96.0"" (16ga)",16ga,1,,48.84,Galvanized Steel
88,Sheet Metal,"Sheet Metal Panel - 30.0""x96.0"" (16ga)",16ga,1,,48.84,Galvanized Steel
89,Sheet Metal,"Sheet Metal Panel - 30.0""x57.0"" (16ga)",16ga,1,,29.00,Galvanized Steel
90,Sheet Metal,"Sheet Metal Panel - 30.0""x57.0"" (16ga)",16ga,1,,29.00,Galvanized Steel
91,Sheet Metal,"Sheet Metal Panel - 30.0""x57.0"" (16ga)",16ga,1,,29.00,Galvanized Steel
92,Sheet Metal,"Sheet Metal Panel - 30.0""x57.0"" (16ga)",16ga,1,,29.00,Galvanized Steel
93,Sheet Metal,"Sheet Metal Panel - 30.0""x57.0"" (16ga)",16ga,1,,29.00,Galvanized Steel
94,Sheet Metal,"Sheet Metal Panel - 30.0""x57.0"" (16ga)",16ga,1,,29.00,Galvanized Steel
95,Sheet Metal,"Sheet Metal Panel - 30.0""x57.0"" (16ga)",16ga,1,,29.00,Galvanized Steel
96,Sheet Metal,"Sheet Metal Panel - 30.0""x57.0"" (16ga)",16ga,1,,29.00,Galvanized Steel
97,Sheet Metal,"Sheet Metal Panel - 30.0""x96.0"" (16ga)",16ga,1,,48.84,Galvanized Steel
98,Sheet Metal,"Sheet Metal Panel - 30.0""x96.0"" (16ga)",16ga,1,,48.84,Galvanized Steel
99,Sheet Metal,"Sheet Metal Panel - 30.0""x96.0"" (16ga)",16ga,1,,48.84,Galvanized Steel
100,Sheet Metal,"Sheet Metal Panel - 30.0""x96.0"" (16ga)",16ga,1,,48.84,Galvanized Steel
101,Sheet Metal,"Sheet Metal Panel - 30.0""x96.0"" (16ga)",16ga,1,,48.84,Galvanized Steel
102,Sheet Metal,"Sheet Metal Panel - 30.0""x96.0"" (16ga)",16ga,1,,48.84,Galvanized Steel
103,Sheet Metal,"Sheet Metal Panel - 30.0""x96.0"" (16ga)",16ga,1,,48.84,Galvanized Steel
104,Sheet Metal,"Sheet Metal Panel - 30.0""x96.0"" (16ga)",16ga,1,,48.84,Galvanized Steel
105,Sheet Metal,"Sheet Metal Panel - 30.0""x57.0"" (16ga)",16ga,1,,29.00,Galvanized Steel
106,Sheet Metal,"Sheet Metal Panel - 30.0""x57.0"" (16ga)",16ga,1,,29.00,Galvanized Steel
107,Sheet Metal,"Sheet Metal Panel - 30.0""x57.0"" (16ga)",16ga,1,,29.00,Galvanized Steel
108,Sheet Metal,"Sheet Metal Panel - 30.0""x57.0"" (16ga)",16ga,1,,29.00,Galvanized Steel
109,Sheet Metal,"Sheet Metal Panel - 30.0""x57.0"" (16ga)",16ga,1,,29.00,Galvanized Steel
110,Sheet Metal,"Sheet Metal Panel - 30.0""x57.0"" (16ga)",16ga,1,,29.00,Galvanized Steel
111,Sheet Metal,"Sheet Metal Panel - 30.0""x57.0"" (16ga)",16ga,1,,29.00,Galvanized Steel
112,Sheet Metal,"Sheet Metal Panel - 30.0""x57.0"" (16ga)",16ga,1,,29.00,Galvanized Steel
113,Sheet Metal,"Sheet Metal Panel - 30.0""x60.0"" (16ga)",16ga,1,,30.53,Galvanized Steel
114,Sheet Metal,"Sheet Metal Panel - 30.0""x60.0"" (16ga)",16ga,1,,30.53,Galvanized Steel
115,Sheet Metal,"Sheet Metal Panel - 30.0""x60.0"" (16ga)",16ga,1,,30.53,Galvanized Steel
116,Sheet Metal,"Sheet Metal Panel - 30.0""x60.0"" (16ga)",16ga,1,,30.53,Galvanized Steel
117,Sheet Metal,"Sheet Metal Panel - 30.0""x60.0"" (16ga)",16ga,1,,30.53,Galvanized Steel
118,Sheet Metal,"Sheet Metal Panel - 30.0""x60.0"" (16ga)",16ga,1,,30.53,Galvanized Steel
119,Sheet Metal,"Sheet Metal Panel - 30.0""x60.0"" (16ga)",16ga,1,,30.53,Galvanized Steel
120,Sheet Metal,"Sheet Metal Panel - 30.0""x60.0"" (16ga)",16ga,1,,30.53,Galvanized Steel
121,Sheet Metal,"Sheet Metal Panel - 25.666666666666668""x96.0"" (16ga)",16ga,1,,41.79,Galvanized Steel
122,Sheet Metal,"Sheet Metal Panel - 25.666666666666668""x96.0"" (16ga)",16ga,1,,41.79,Galvanized Steel
123,Sheet Metal,"Sheet Metal Panel - 25.666666666666668""x96.0"" (16ga)",16ga,1,,41.79,Galvanized Steel
124,Sheet Metal,"Sheet Metal Panel - 25.666666666666668""x57.0"" (16ga)",16ga,1,,24.81,Galvanized Steel
125,Sheet Metal,"Sheet Metal Panel - 25.666666666666668""x57.0"" (16ga)",16ga,1,,24.81,Galvanized Steel
126,Sheet Metal,"Sheet Metal Panel - 25.666666666666668""x57.0"" (16ga)",16ga,1,,24.81,Galvanized Steel
127,Sheet Metal,"Sheet Metal Panel - 25.666666666666668""x96.0"" (16ga)",16ga,1,,41.79,Galvanized Steel
128,Sheet Metal,"Sheet Metal Panel - 25.666666666666668""x96.0"" (16ga)",16ga,1,,41.79,Galvanized Steel
129,Sheet Metal,"Sheet Metal Panel - 25.666666666666668""x96.0"" (16ga)",16ga,1,,41.79,Galvanized Steel
130,Sheet Metal,"Sheet Metal Panel - 25.666666666666668""x57.0"" (16ga)",16ga,1,,24.81,Galvanized Steel
131,Sheet Metal,"Sheet Metal Panel - 25.666666666666668""x57.0"" (16ga)",16ga,1,,24.81,Galvanized Steel
132,Sheet Metal,"Sheet Metal Panel - 25.666666666666668""x57.0"" (16ga)",16ga,1,,24.81,Galvanized Steel
133,Sheet Metal,"Sheet Metal Panel - 25.666666666666668""x96.0"" (16ga)",16ga,1,,41.79,Galvanized Steel
134,Sheet Metal,"Sheet Metal Panel - 25.666666666666668""x96.0"" (16ga)",16ga,1,,41.79,Galvanized Steel
135,Sheet Metal,"Sheet Metal Panel - 25.666666666666668""x96.0"" (16ga)",16ga,1,,41.79,Galvanized Steel
136,Sheet Metal,"Sheet Metal Panel - 32.0""x96.0"" (16ga)",16ga,1,,52.10,Galvanized Steel
137,Sheet Metal,"Sheet Metal Panel - 32.0""x96.0"" (16ga)",16ga,1,,52.10,Galvanized Steel
138,Sheet Metal,"Sheet Metal Panel - 32.0""x57.0"" (16ga)",16ga,1,,30.93,Galvanized Steel
139,Sheet Metal,"Sheet Metal Panel - 32.0""x57.0"" (16ga)",16ga,1,,30.93,Galvanized Steel
140,Sheet Metal,"Sheet Metal Panel - 25.666666666666668""x96.0"" (16ga)",16ga,1,,41.79,Galvanized Steel
141,Sheet Metal,"Sheet Metal Panel - 25.666666666666668""x96.0"" (16ga)",16ga,1,,41.79,Galvanized Steel
142,Sheet Metal,"Sheet Metal Panel - 25.666666666666668""x96.0"" (16ga)",16ga,1,,41.79,Galvanized Steel
143,Sheet Metal,"Sheet Metal Panel - 25.666666666666668""x57.0"" (16ga)",16ga,1,,24.81,Galvanized Steel
144,Sheet Metal,"Sheet Metal Panel - 25.666666666666668""x57.0"" (16ga)",16ga,1,,24.81,Galvanized Steel
145,Sheet Metal,"Sheet Metal Panel - 25.666666666666668""x57.0"" (16ga)",16ga,1,,24.81,Galvanized Steel
146,Sheet Metal,"Sheet Metal Panel - 25.666666666666668""x57.0"" (16ga)",16ga,1,,24.81,Galvanized Steel
147,Sheet Metal,"Sheet Metal Panel - 25.666666666666668""x57.0"" (16ga)",16ga,1,,24.81,Galvanized Steel
148,Sheet Metal,"Sheet Metal Panel - 25.666666666666668""x57.0"" (16ga)",16ga,1,,24.81,Galvanized Steel
149,Sheet Metal,"Sheet Metal Panel - 25.666666666666668""x96.0"" (16ga)",16ga,1,,41.79,Galvanized Steel
150,Sheet Metal,"Sheet Metal Panel - 25.666666666666668""x96.0"" (16ga)",16ga,1,,41.79,Galvanized Steel
151,Sheet Metal,"Sheet Metal Panel - 25.666666666666668""x96.0"" (16ga)",16ga,1,,41.79,Galvanized Steel
152,Sheet Metal,"Sheet Metal Panel - 25.666666666666668""x96.0"" (16ga)",16ga,1,,41.79,Galvanized Steel
153,Sheet Metal,"Sheet Metal Panel - 25.666666666666668""x96.0"" (16ga)",16ga,1,,41.79,Galvanized Steel
154,Sheet Metal,"Sheet Metal Panel - 25.666666666666668""x96.0"" (16ga)",16ga,1,,41.79,Galvanized Steel
155,Sheet Metal,"Sheet Metal Panel - 25.666666666666668""x96.0"" (16ga)",16ga,1,,41.79,Galvanized Steel
156,Sheet Metal,"Sheet Metal Panel - 25.666666666666668""x96.0"" (16ga)",16ga,1,,41.79,Galvanized Steel
157,Sheet Metal,"Sheet Metal Panel - 25.666666666666668""x96.0"" (16ga)",16ga,1,,41.79,Galvanized Steel
158,Sheet Metal,"Sheet Metal Panel - 25.666666666666668""x96.0"" (16ga)",16ga,1,,41.79,Galvanized Steel
159,Sheet Metal,"Sheet Metal Panel - 25.666666666666668""x96.0"" (16ga)",16ga,1,,41.79,Galvanized Steel
160,Sheet Metal,"Sheet Metal Panel - 25.666666666666668""x96.0"" (16ga)",16ga,1,,41.79,Galvanized Steel
161,Sheet Metal,"Sheet Metal Panel - 25.666666666666668""x96.0"" (16ga)",16ga,1,,41.79,Galvanized Steel
162,Sheet Metal,"Sheet Metal Panel - 25.666666666666668""x96.0"" (16ga)",16ga,1,,41.79,Galvanized Steel
163,Sheet Metal,"Sheet Metal Panel - 25.666666666666668""x96.0"" (16ga)",16ga,1,,41.79,Galvanized Steel
164,Sheet Metal,"Sheet Metal Panel - 25.666666666666668""x36.0"" (16ga)",16ga,1,,15.67,Galvanized Steel
165,Sheet Metal,"Sheet Metal Panel - 25.666666666666668""x36.0"" (16ga)",16ga,1,,15.67,Galvanized Steel
166,Sheet Metal,"Sheet Metal Panel - 25.666666666666668""x36.0"" (16ga)",16ga,1,,15.67,Galvanized Steel
167,Sheet Metal,"Sheet Metal Panel - 30.0""x96.0"" (16ga)",16ga,1,,48.84,Galvanized Steel
168,Sheet Metal,"Sheet Metal Panel - 30.0""x96.0"" (16ga)",16ga,1,,48.84,Galvanized Steel
169,Sheet Metal,"Sheet Metal Panel - 30.0""x96.0"" (16ga)",16ga,1,,48.84,Galvanized Steel
170,Sheet Metal,"Sheet Metal Panel - 30.0""x96.0"" (16ga)",16ga,1,,48.84,Galvanized Steel
171,Sheet Metal,"Sheet Metal Panel - 30.0""x96.0"" (16ga)",16ga,1,,48.84,Galvanized Steel
172,Sheet Metal,"Sheet Metal Panel - 30.0""x96.0"" (16ga)",16ga,1,,48.84,Galvanized Steel
173,Sheet Metal,"Sheet Metal Panel - 30.0""x96.0"" (16ga)",16ga,1,,48.84,Galvanized Steel
174,Sheet Metal,"Sheet Metal Panel - 30.0""x96.0"" (16ga)",16ga,1,,48.84,Galvanized Steel
175,Sheet Metal,"Sheet Metal Panel - 30.0""x96.0"" (16ga)",16ga,1,,48.84,Galvanized Steel
176,Sheet Metal,"Sheet Metal Panel - 30.0""x96.0"" (16ga)",16ga,1,,48.84,Galvanized Steel
177,Sheet Metal,"Sheet Metal Panel - 30.0""x96.0"" (16ga)",16ga,1,,48.84,Galvanized Steel
178,Sheet Metal,"Sheet Metal Panel - 30.0""x96.0"" (16ga)",16ga,1,,48.84,Galvanized Steel
179,Sheet Metal,"Sheet Metal Panel - 30.0""x96.0"" (16ga)",16ga,1,,48.84,Galvanized Steel
180,Sheet Metal,"Sheet Metal Panel - 30.0""x96.0"" (16ga)",16ga,1,,48.84,Galvanized Steel
181,Sheet Metal,"Sheet Metal Panel - 30.0""x57.0"" (16ga)",16ga,1,,29.00,Galvanized Steel
182,Sheet Metal,"Sheet Metal Panel - 30.0""x57.0"" (16ga)",16ga,1,,29.00,Galvanized Steel
183,Sheet Metal,"Sheet Metal Panel - 30.0""x57.0"" (16ga)",16ga,1,,29.00,Galvanized Steel
184,Sheet Metal,"Sheet Metal Panel - 30.0""x57.0"" (16ga)",16ga,1,,29.00,Galvanized Steel
185,Sheet Metal,"Sheet Metal Panel - 30.0""x57.0"" (16ga)",16ga,1,,29.00,Galvanized Steel
186,Sheet Metal,"Sheet Metal Panel - 30.0""x57.0"" (16ga)",16ga,1,,29.00,Galvanized Steel
187,Sheet Metal,"Sheet Metal Panel - 30.0""x57.0"" (16ga)",16ga,1,,29.00,Galvanized Steel
188,Sheet Metal,"Sheet Metal Panel - 30.0""x57.0"" (16ga)",16ga,1,,29.00,Galvanized Steel
189,Sheet Metal,"Sheet Metal Panel - 30.0""x57.0"" (16ga)",16ga,1,,29.00,Galvanized Steel
190,Sheet Metal,"Sheet Metal Panel - 30.0""x57.0"" (16ga)",16ga,1,,29.00,Galvanized Steel
191,Sheet Metal,"Sheet Metal Panel - 30.0""x57.0"" (16ga)",16ga,1,,29.00,Galvanized Steel
192,Sheet Metal,"Sheet Metal Panel - 30.0""x57.0"" (16ga)",16ga,1,,29.00,Galvanized Steel
193,Sheet Metal,"Sheet Metal Panel - 30.0""x57.0"" (16ga)",16ga,1,,29.00,Galvanized Steel
194,Sheet Metal,"Sheet Metal Panel - 30.0""x57.0"" (16ga)",16ga,1,,29.00,Galvanized Steel
195,Sheet Metal,"Sheet Metal Panel - 30.0""x96.0"" (16ga)",16ga,1,,48.84,Galvanized Steel
196,Sheet Metal,"Sheet Metal Panel - 30.0""x96.0"" (16ga)",16ga,1,,48.84,Galvanized Steel
197,Sheet Metal,"Sheet Metal Panel - 30.0""x96.0"" (16ga)",16ga,1,,48.84,Galvanized Steel
198,Sheet Metal,"Sheet Metal Panel - 30.0""x96.0"" (16ga)",16ga,1,,48.84,Galvanized Steel
199,Sheet Metal,"Sheet Metal Panel - 30.0""x96.0"" (16ga)",16ga,1,,48.84,Galvanized Steel
200,Sheet Metal,"Sheet Metal Panel - 30.0""x96.0"" (16ga)",16ga,1,,48.84,Galvanized Steel
201,Sheet Metal,"Sheet Metal Panel - 30.0""x96.0"" (16ga)",16ga,1,,48.84,Galvanized Steel
202,Sheet Metal,"Sheet Metal Panel - 30.0""x96.0"" (16ga)",16ga,1,,48.84,Galvanized Steel
203,Sheet Metal,"Sheet Metal Panel - 30.0""x96.0"" (16ga)",16ga,1,,48.84,Galvanized Steel
204,Sheet Metal,"Sheet Metal Panel - 30.0""x96.0"" (16ga)",16ga,1,,48.84,Galvanized Steel
205,Sheet Metal,"Sheet Metal Panel - 30.0""x96.0"" (16ga)",16ga,1,,48.84,Galvanized Steel
206,Sheet Metal,"Sheet Metal Panel - 30.0""x57.0"" (16ga)",16ga,1,,29.00,Galvanized Steel
207,Sheet Metal,"Sheet Metal Panel - 30.0""x57.0"" (16ga)",16ga,1,,29.00,Galvanized Steel
208,Sheet Metal,"Sheet Metal Panel - 30.0""x57.0"" (16ga)",16ga,1,,29.00,Galvanized Steel
209,Sheet Metal,"Sheet Metal Panel - 30.0""x57.0"" (16ga)",16ga,1,,29.00,Galvanized Steel
210,Sheet Metal,"Sheet Metal Panel - 30.0""x57.0"" (16ga)",16ga,1,,29.00,Galvanized Steel
211,Sheet Metal,"Sheet Metal Panel - 30.0""x57.0"" (16ga)",16ga,1,,29.00,Galvanized Steel
212,Sheet Metal,"Sheet Metal Panel - 30.0""x57.0"" (16ga)",16ga,1,,29.00,Galvanized Steel
213,Sheet Metal,"Sheet Metal Panel - 30.0""x57.0"" (16ga)",16ga,1,,29.00,Galvanized Steel
214,Sheet Metal,"Sheet Metal Panel - 30.0""x57.0"" (16ga)",16ga,1,,29.00,Galvanized Steel
215,Sheet Metal,"Sheet Metal Panel - 30.0""x57.0"" (16ga)",16ga,1,,29.00,Galvanized Steel
216,Sheet Metal,"Sheet Metal Panel - 30.0""x57.0"" (16ga)",16ga,1,,29.00,Galvanized Steel
217,Sheet Metal,"Sheet Metal Panel - 30.0""x57.0"" (16ga)",16ga,1,,29.00,Galvanized Steel
218,Sheet Metal,"Sheet Metal Panel - 30.0""x57.0"" (16ga)",16ga,1,,29.00,Galvanized Steel
219,Sheet Metal,"Sheet Metal Panel - 30.0""x57.0"" (16ga)",16ga,1,,29.00,Galvanized Steel
220,Sheet Metal,"Sheet Metal Panel - 30.4""x96.0"" (16ga)",16ga,1,,49.49,Galvanized Steel
221,Sheet Metal,"Sheet Metal Panel - 30.4""x96.0"" (16ga)",16ga,1,,49.49,Galvanized Steel
222,Sheet Metal,"Sheet Metal Panel - 30.4""x96.0"" (16ga)",16ga,1,,49.49,Galvanized Steel
223,Sheet Metal,"Sheet Metal Panel - 30.4""x96.0"" (16ga)",16ga,1,,49.49,Galvanized Steel
224,Sheet Metal,"Sheet Metal Panel - 30.4""x96.0"" (16ga)",16ga,1,,49.49,Galvanized Steel
225,Sheet Metal,"Sheet Metal Panel - 30.4""x96.0"" (16ga)",16ga,1,,49.49,Galvanized Steel
226,Sheet Metal,"Sheet Metal Panel - 30.4""x96.0"" (16ga)",16ga,1,,49.49,Galvanized Steel
227,Sheet Metal,"Sheet Metal Panel - 30.4""x96.0"" (16ga)",16ga,1,,49.49,Galvanized Steel
228,Sheet Metal,"Sheet Metal Panel - 30.4""x96.0"" (16ga)",16ga,1,,49.49,Galvanized Steel
229,Sheet Metal,"Sheet Metal Panel - 30.4""x96.0"" (16ga)",16ga,1,,49.49,Galvanized Steel
230,Sheet Metal,"Sheet Metal Panel - 30.4""x96.0"" (16ga)",16ga,1,,49.49,Galvanized Steel
231,Sheet Metal,"Sheet Metal Panel - 30.4""x96.0"" (16ga)",16ga,1,,49.49,Galvanized Steel
232,Sheet Metal,"Sheet Metal Panel - 30.4""x96.0"" (16ga)",16ga,1,,49.49,Galvanized Steel
233,Sheet Metal,"Sheet Metal Panel - 30.4""x96.0"" (16ga)",16ga,1,,49.49,Galvanized Steel
234,Sheet Metal,"Sheet Metal Panel - 30.4""x96.0"" (16ga)",16ga,1,,49.49,Galvanized Steel
235,Sheet Metal,"Sheet Metal Panel - 30.4""x57.0"" (16ga)",16ga,1,,29.39,Galvanized Steel
236,Sheet Metal,"Sheet Metal Panel - 30.4""x57.0"" (16ga)",16ga,1,,29.39,Galvanized Steel
237,Sheet Metal,"Sheet Metal Panel - 30.4""x57.0"" (16ga)",16ga,1,,29.39,Galvanized Steel
238,Sheet Metal,"Sheet Metal Panel - 30.4""x57.0"" (16ga)",16ga,1,,29.39,Galvanized Steel
239,Sheet Metal,"Sheet Metal Panel - 30.4""x57.0"" (16ga)",16ga,1,,29.39,Galvanized Steel
240,Sheet Metal,"Sheet Metal Panel - 30.4""x57.0"" (16ga)",16ga,1,,29.39,Galvanized Steel
241,Sheet Metal,"Sheet Metal Panel - 30.4""x57.0"" (16ga)",16ga,1,,29.39,Galvanized Steel
242,Sheet Metal,"Sheet Metal Panel - 30.4""x57.0"" (16ga)",16ga,1,,29.39,Galvanized Steel
243,Sheet Metal,"Sheet Metal Panel - 30.4""x57.0"" (16ga)",16ga,1,,29.39,Galvanized Steel
244,Sheet Metal,"Sheet Metal Panel - 30.4""x57.0"" (16ga)",16ga,1,,29.39,Galvanized Steel
245,Sheet Metal,"Sheet Metal Panel - 30.4""x57.0"" (16ga)",16ga,1,,29.39,Galvanized Steel
246,Sheet Metal,"Sheet Metal Panel - 30.4""x57.0"" (16ga)",16ga,1,,29.39,Galvanized Steel
247,Sheet Metal,"Sheet Metal Panel - 30.4""x57.0"" (16ga)",16ga,1,,29.39,Galvanized Steel
248,Sheet Metal,"Sheet Metal Panel - 30.4""x57.0"" (16ga)",16ga,1,,29.39,Galvanized Steel
249,Sheet Metal,"Sheet Metal Panel - 30.4""x57.0"" (16ga)",16ga,1,,29.39,Galvanized Steel
250,Sheet Metal,"Sheet Metal Panel - 30.4""x96.0"" (16ga)",16ga,1,,49.49,Galvanized Steel
251,Sheet Metal,"Sheet Metal Panel - 30.4""x96.0"" (16ga)",16ga,1,,49.49,Galvanized Steel
252,Sheet Metal,"Sheet Metal Panel - 30.4""x96.0"" (16ga)",16ga,1,,49.49,Galvanized Steel
253,Sheet Metal,"Sheet Metal Panel - 30.4""x96.0"" (16ga)",16ga,1,,49.49,Galvanized Steel
254,Sheet Metal,"Sheet Metal Panel - 30.4""x96.0"" (16ga)",16ga,1,,49.49,Galvanized Steel
255,Sheet Metal,"Sheet Metal Panel - 30.4""x96.0"" (16ga)",16ga,1,,49.49,Galvanized Steel
256,Sheet Metal,"Sheet Metal Panel - 30.4""x96.0"" (16ga)",16ga,1,,49.49,Galvanized Steel
257,Sheet Metal,"Sheet Metal Panel - 30.4""x96.0"" (16ga)",16ga,1,,49.49,Galvanized Steel
258,Sheet Metal,"Sheet Metal Panel - 30.4""x96.0"" (16ga)",16ga,1,,49.49,Galvanized Steel
259,Sheet Metal,"Sheet Metal Panel - 30.4""x96.0"" (16ga)",16ga,1,,49.49,Galvanized Steel
260,Sheet Metal,"Sheet Metal Panel - 30.4""x96.0"" (16ga)",16ga,1,,49.49,Galvanized Steel
261,Sheet Metal,"Sheet Metal Panel - 30.4""x96.0"" (16ga)",16ga,1,,49.49,Galvanized Steel
262,Sheet Metal,"Sheet Metal Panel - 30.4""x96.0"" (16ga)",16ga,1,,49.49,Galvanized Steel
263,Sheet Metal,"Sheet Metal Panel - 30.4""x96.0"" (16ga)",16ga,1,,49.49,Galvanized Steel
264,Sheet Metal,"Sheet Metal Panel - 30.4""x96.0"" (16ga)",16ga,1,,49.49,Galvanized Steel
265,Sheet Metal,"Sheet Metal Panel - 30.4""x57.0"" (16ga)",16ga,1,,29.39,Galvanized Steel
266,Sheet Metal,"Sheet Metal Panel - 30.4""x57.0"" (16ga)",16ga,1,,29.39,Galvanized Steel
267,Sheet Metal,"Sheet Metal Panel - 30.4""x57.0"" (16ga)",16ga,1,,29.39,Galvanized Steel
268,Sheet Metal,"Sheet Metal Panel - 30.4""x57.0"" (16ga)",16ga,1,,29.39,Galvanized Steel
269,Sheet Metal,"Sheet Metal Panel - 30.4""x57.0"" (16ga)",16ga,1,,29.39,Galvanized Steel
270,Sheet Metal,"Sheet Metal Panel - 30.4""x57.0"" (16ga)",16ga,1,,29.39,Galvanized Steel
271,Sheet Metal,"Sheet Metal Panel - 30.4""x57.0"" (16ga)",16ga,1,,29.39,Galvanized Steel
272,Sheet Metal,"Sheet Metal Panel - 30.4""x57.0"" (16ga)",16ga,1,,29.39,Galvanized Steel
273,Sheet Metal,"Sheet Metal Panel - 30.4""x57.0"" (16ga)",16ga,1,,29.39,Galvanized Steel
274,Sheet Metal,"Sheet Metal Panel - 30.4""x57.0"" (16ga)",16ga,1,,29.39,Galvanized Steel
275,Sheet Metal,"Sheet Metal Panel - 30.4""x57.0"" (16ga)",16ga,1,,29.39,Galvanized Steel
276,Sheet Metal,"Sheet Metal Panel - 30.4""x57.0"" (16ga)",16ga,1,,29.39,Galvanized Steel
277,Sheet Metal,"Sheet Metal Panel - 30.4""x57.0"" (16ga)",16ga,1,,29.39,Galvanized Steel
278,Sheet Metal,"Sheet Metal Panel - 30.4""x57.0"" (16ga)",16ga,1,,29.39,Galvanized Steel
279,Sheet Metal,"Sheet Metal Panel - 30.4""x57.0"" (16ga)",16ga,1,,29.39,Galvanized Steel
280,Sheet Metal,"Sheet Metal Panel - 30.4""x72.0"" (16ga)",16ga,1,,37.12,Galvanized Steel
281,Sheet Metal,"Sheet Metal Panel - 30.4""x72.0"" (16ga)",16ga,1,,37.12,Galvanized Steel
282,Sheet Metal,"Sheet Metal Panel - 30.4""x72.0"" (16ga)",16ga,1,,37.12,Galvanized Steel
283,Sheet Metal,"Sheet Metal Panel - 30.4""x72.0"" (16ga)",16ga,1,,37.12,Galvanized Steel
284,Sheet Metal,"Sheet Metal Panel - 30.4""x72.0"" (16ga)",16ga,1,,37.12,Galvanized Steel
285,Sheet Metal,"Sheet Metal Panel - 30.4""x72.0"" (16ga)",16ga,1,,37.12,Galvanized Steel
286,Sheet Metal,"Sheet Metal Panel - 30.4""x72.0"" (16ga)",16ga,1,,37.12,Galvanized Steel
287,Sheet Metal,"Sheet Metal Panel - 30.4""x72.0"" (16ga)",16ga,1,,37.12,Galvanized Steel
288,Sheet Metal,"Sheet Metal Panel - 30.4""x72.0"" (16ga)",16ga,1,,37.12,Galvanized Steel
289,Sheet Metal,"Sheet Metal Panel - 30.4""x72.0"" (16ga)",16ga,1,,37.12,Galvanized Steel
290,Sheet Metal,"Sheet Metal Panel - 30.4""x72.0"" (16ga)",16ga,1,,37.12,Galvanized Steel
291,Sheet Metal,"Sheet Metal Panel - 30.4""x72.0"" (16ga)",16ga,1,,37.12,Galvanized Steel
292,Sheet Metal,"Sheet Metal Panel - 30.4""x72.0"" (16ga)",16ga,1,,37.12,Galvanized Steel
293,Sheet Metal,"Sheet Metal Panel - 30.4""x72.0"" (16ga)",16ga,1,,37.12,Galvanized Steel
294,Sheet Metal,"Sheet Metal Panel - 30.4""x72.0"" (16ga)",16ga,1,,37.12,Galvanized Steel
295,Sheet Metal,"Sheet Metal Panel - 36.0""x96.0"" (16ga)",16ga,1,,58.61,Galvanized Steel
296,Sheet Metal,"Sheet Metal Panel - 36.0""x96.0"" (16ga)",16ga,1,,58.61,Galvanized Steel
297,Sheet Metal,"Sheet Metal Panel - 36.0""x57.0"" (16ga)",16ga,1,,34.80,Galvanized Steel
298,Sheet Metal,"Sheet Metal Panel - 36.0""x57.0"" (16ga)",16ga,1,,34.80,Galvanized Steel
299,Sheet Metal,"Sheet Metal Panel - 36.0""x96.0"" (16ga)",16ga,1,,58.61,Galvanized Steel
300,Sheet Metal,"Sheet Metal Panel - 36.0""x96.0"" (16ga)",16ga,1,,58.61,Galvanized Steel
301,Sheet Metal,"Sheet Metal Panel - 36.0""x57.0"" (16ga)",16ga,1,,34.80,Galvanized Steel
302,Sheet Metal,"Sheet Metal Panel - 36.0""x57.0"" (16ga)",16ga,1,,34.80,Galvanized Steel
303,Sheet Metal,"Sheet Metal Panel - 30.0""x96.0"" (16ga)",16ga,1,,48.84,Galvanized Steel
304,Sheet Metal,"Sheet Metal Panel - 30.0""x96.0"" (16ga)",16ga,1,,48.84,Galvanized Steel
305,Sheet Metal,"Sheet Metal Panel - 30.0""x96.0"" (16ga)",16ga,1,,48.84,Galvanized Steel
306,Sheet Metal,"Sheet Metal Panel - 30.0""x96.0"" (16ga)",16ga,1,,48.84,Galvanized Steel
307,Sheet Metal,"Sheet Metal Panel - 30.0""x96.0"" (16ga)",16ga,1,,48.84,Galvanized Steel
308,Sheet Metal,"Sheet Metal Panel - 30.0""x96.0"" (16ga)",16ga,1,,48.84,Galvanized Steel
309,Sheet Metal,"Sheet Metal Panel - 30.0""x96.0"" (16ga)",16ga,1,,48.84,Galvanized Steel
310,Sheet Metal,"Sheet Metal Panel - 30.0""x96.0"" (16ga)",16ga,1,,48.84,Galvanized Steel
311,Sheet Metal,"Sheet Metal Panel - 30.0""x96.0"" (16ga)",16ga,1,,48.84,Galvanized Steel
312,Sheet Metal,"Sheet Metal Panel - 30.0""x96.0"" (16ga)",16ga,1,,48.84,Galvanized Steel
313,Sheet Metal,"Sheet Metal Panel - 30.0""x96.0"" (16ga)",16ga,1,,48.84,Galvanized Steel
314,Sheet Metal,"Sheet Metal Panel - 30.0""x96.0"" (16ga)",16ga,1,,48.84,Galvanized Steel
315,Sheet Metal,"Sheet Metal Panel - 30.0""x57.0"" (16ga)",16ga,1,,29.00,Galvanized Steel
316,Sheet Metal,"Sheet Metal Panel - 30.0""x57.0"" (16ga)",16ga,1,,29.00,Galvanized Steel
317,Sheet Metal,"Sheet Metal Panel - 30.0""x57.0"" (16ga)",16ga,1,,29.00,Galvanized Steel
318,Sheet Metal,"Sheet Metal Panel - 30.0""x57.0"" (16ga)",16ga,1,,29.00,Galvanized Steel
319,Sheet Metal,"Sheet Metal Panel - 30.0""x57.0"" (16ga)",16ga,1,,29.00,Galvanized Steel
320,Sheet Metal,"Sheet Metal Panel - 30.0""x57.0"" (16ga)",16ga,1,,29.00,Galvanized Steel
321,Sheet Metal,"Sheet Metal Panel - 30.0""x57.0"" (16ga)",16ga,1,,29.00,Galvanized Steel
322,Sheet Metal,"Sheet Metal Panel - 30.0""x57.0"" (16ga)",16ga,1,,29.00,Galvanized Steel
323,Sheet Metal,"Sheet Metal Panel - 30.0""x57.0"" (16ga)",16ga,1,,29.00,Galvanized Steel
324,Sheet Metal,"Sheet Metal Panel - 30.0""x57.0"" (16ga)",16ga,1,,29.00,Galvanized Steel
325,Sheet Metal,"Sheet Metal Panel - 30.0""x57.0"" (16ga)",16ga,1,,29.00,Galvanized Steel
326,Sheet Metal,"Sheet Metal Panel - 30.0""x57.0"" (16ga)",16ga,1,,29.00,Galvanized Steel
327,Sheet Metal,"Sheet Metal Panel - 30.0""x96.0"" (16ga)",16ga,1,,48.84,Galvanized Steel
328,Sheet Metal,"Sheet Metal Panel - 30.0""x96.0"" (16ga)",16ga,1,,48.84,Galvanized Steel
329,Sheet Metal,"Sheet Metal Panel - 30.0""x96.0"" (16ga)",16ga,1,,48.84,Galvanized Steel
330,Sheet Metal,"Sheet Metal Panel - 30.0""x96.0"" (16ga)",16ga,1,,48.84,Galvanized Steel
331,Sheet Metal,"Sheet Metal Panel - 30.0""x96.0"" (16ga)",16ga,1,,48.84,Galvanized Steel
332,Sheet Metal,"Sheet Metal Panel - 30.0""x96.0"" (16ga)",16ga,1,,48.84,Galvanized Steel
333,Sheet Metal,"Sheet Metal Panel - 30.0""x96.0"" (16ga)",16ga,1,,48.84,Galvanized Steel
334,Sheet Metal,"Sheet Metal Panel - 30.0""x96.0"" (16ga)",16ga,1,,48.84,Galvanized Steel
335,Sheet Metal,"Sheet Metal Panel - 30.0""x96.0"" (16ga)",16ga,1,,48.84,Galvanized Steel
336,Sheet Metal,"Sheet Metal Panel - 30.0""x96.0"" (16ga)",16ga,1,,48.84,Galvanized Steel
337,Sheet Metal,"Sheet Metal Panel - 30.0""x96.0"" (16ga)",16ga,1,,48.84,Galvanized Steel
338,Sheet Metal,"Sheet Metal Panel - 30.0""x96.0"" (16ga)",16ga,1,,48.84,Galvanized Steel
339,Sheet Metal,"Sheet Metal Panel - 30.0""x57.0"" (16ga)",16ga,1,,29.00,Galvanized Steel
340,Sheet Metal,"Sheet Metal Panel - 30.0""x57.0"" (16ga)",16ga,1,,29.00,Galvanized Steel
341,Sheet Metal,"Sheet Metal Panel - 30.0""x57.0"" (16ga)",16ga,1,,29.00,Galvanized Steel
342,Sheet Metal,"Sheet Metal Panel - 30.0""x57.0"" (16ga)",16ga,1,,29.00,Galvanized Steel
343,Sheet Metal,"Sheet Metal Panel - 30.0""x57.0"" (16ga)",16ga,1,,29.00,Galvanized Steel
344,Sheet Metal,"Sheet Metal Panel - 30.0""x57.0"" (16ga)",16ga,1,,29.00,Galvanized Steel
345,Sheet Metal,"Sheet Metal Panel - 30.0""x57.0"" (16ga)",16ga,1,,29.00,Galvanized Steel
346,Sheet Metal,"Sheet Metal Panel - 30.0""x57.0"" (16ga)",16ga,1,,29.00,Galvanized Steel
347,Sheet Metal,"Sheet Metal Panel - 30.0""x57.0"" (16ga)",16ga,1,,29.00,Galvanized Steel
348,Sheet Metal,"Sheet Metal Panel - 30.0""x57.0"" (16ga)",16ga,1,,29.00,Galvanized Steel
349,Sheet Metal,"Sheet Metal Panel - 30.0""x57.0"" (16ga)",16ga,1,,29.00,Galvanized Steel
350,Sheet Metal,"Sheet Metal Panel - 30.0""x57.0"" (16ga)",16ga,1,,29.00,Galvanized Steel
351,Sheet Metal,"Sheet Metal Panel - 30.0""x48.0"" (16ga)",16ga,1,,24.42,Galvanized Steel
352,Sheet Metal,"Sheet Metal Panel - 30.0""x48.0"" (16ga)",16ga,1,,24.42,Galvanized Steel
353,Sheet Metal,"Sheet Metal Panel - 30.0""x48.0"" (16ga)",16ga,1,,24.42,Galvanized Steel
354,Sheet Metal,"Sheet Metal Panel - 30.0""x48.0"" (16ga)",16ga,1,,24.42,Galvanized Steel
355,Sheet Metal,"Sheet Metal Panel - 30.0""x48.0"" (16ga)",16ga,1,,24.42,Galvanized Steel
356,Sheet Metal,"Sheet Metal Panel - 30.0""x48.0"" (16ga)",16ga,1,,24.42,Galvanized Steel
357,Sheet Metal,"Sheet Metal Panel - 30.0""x48.0"" (16ga)",16ga,1,,24.42,Galvanized Steel
358,Sheet Metal,"Sheet Metal Panel - 30.0""x48.0"" (16ga)",16ga,1,,24.42,Galvanized Steel
359,Sheet Metal,"Sheet Metal Panel - 30.0""x48.0"" (16ga)",16ga,1,,24.42,Galvanized Steel
360,Sheet Metal,"Sheet Metal Panel - 30.0""x48.0"" (16ga)",16ga,1,,24.42,Galvanized Steel
361,Sheet Metal,"Sheet Metal Panel - 30.0""x48.0"" (16ga)",16ga,1,,24.42,Galvanized Steel
362,Sheet Metal,"Sheet Metal Panel - 30.0""x48.0"" (16ga)",16ga,1,,24.42,Galvanized Steel
363,Sheet Metal,"Sheet Metal Panel - 24.0""x96.0"" (16ga)",16ga,1,,39.07,Galvanized Steel
364,Sheet Metal,"Sheet Metal Panel - 24.0""x96.0"" (16ga)",16ga,1,,39.07,Galvanized Steel
365,Sheet Metal,"Sheet Metal Panel - 24.0""x57.0"" (16ga)",16ga,1,,23.20,Galvanized Steel
366,Sheet Metal,"Sheet Metal Panel - 24.0""x57.0"" (16ga)",16ga,1,,23.20,Galvanized Steel
367,Sheet Metal,"Sheet Metal Panel - 24.0""x36.0"" (16ga)",16ga,1,,14.65,Galvanized Steel
368,Sheet Metal,"Sheet Metal Panel - 24.0""x36.0"" (16ga)",16ga,1,,14.65,Galvanized Steel
369,Sheet Metal,"Sheet Metal Panel - 24.0""x36.0"" (16ga)",16ga,1,,14.65,Galvanized Steel
370,Sheet Metal,"Sheet Metal Panel - 24.0""x36.0"" (16ga)",16ga,1,,14.65,Galvanized Steel
371,Sheet Metal,"Sheet Metal Panel - 24.0""x96.0"" (16ga)",16ga,1,,39.07,Galvanized Steel
372,Sheet Metal,"Sheet Metal Panel - 24.0""x96.0"" (16ga)",16ga,1,,39.07,Galvanized Steel
373,Sheet Metal,"Sheet Metal Panel - 24.0""x54.0"" (16ga)",16ga,1,,21.98,Galvanized Steel
374,Sheet Metal,"Sheet Metal Panel - 24.0""x54.0"" (16ga)",16ga,1,,21.98,Galvanized Steel
375,Sheet Metal,"Sheet Metal Panel - 30.0""x36.0"" (16ga)",16ga,1,,18.32,Galvanized Steel
376,Sheet Metal,"Sheet Metal Panel - 30.0""x36.0"" (16ga)",16ga,1,,18.32,Galvanized Steel
377,Sheet Metal,"Sheet Metal Panel - 30.0""x36.0"" (16ga)",16ga,1,,18.32,Galvanized Steel
378,Sheet Metal,"Sheet Metal Panel - 30.0""x36.0"" (16ga)",16ga,1,,18.32,Galvanized Steel
379,Sheet Metal,"Sheet Metal Panel - 30.0""x36.0"" (16ga)",16ga,1,,18.32,Galvanized Steel
380,Sheet Metal,"Sheet Metal Panel - 30.0""x36.0"" (16ga)",16ga,1,,18.32,Galvanized Steel
381,Sheet Metal,"Sheet Metal Panel - 30.0""x36.0"" (16ga)",16ga,1,,18.32,Galvanized Steel
382,Sheet Metal,"Sheet Metal Panel - 30.0""x36.0"" (16ga)",16ga,1,,18.32,Galvanized Steel
383,Sheet Metal,"Sheet Metal Panel - 30.0""x36.0"" (16ga)",16ga,1,,18.32,Galvanized Steel
384,Sheet Metal,"Sheet Metal Panel - 30.0""x36.0"" (16ga)",16ga,1,,18.32,Galvanized Steel
385,Sheet Metal,"Sheet Metal Panel - 24.0""x96.0"" (16ga)",16ga,1,,39.07,Galvanized Steel
386,Sheet Metal,"Sheet Metal Panel - 24.0""x96.0"" (16ga)",16ga,1,,39.07,Galvanized Steel
387,Sheet Metal,"Sheet Metal Panel - 24.0""x54.0"" (16ga)",16ga,1,,21.98,Galvanized Steel
388,Sheet Metal,"Sheet Metal Panel - 24.0""x54.0"" (16ga)",16ga,1,,21.98,Galvanized Steel
389,MEP - Ductwork,Round Duct - Straight,"24.0"" Dia, L: 96.0""",1,,,
390,MEP - Ductwork,Round Duct - Straight,"24.0"" Dia, L: 12.0""",1,,,
391,MEP - Ductwork,Round Duct - Straight,"24.0"" Dia, L: 96.0""",1,,,
392,MEP - Ductwork,Round Duct - Straight,"24.0"" Dia, L: 12.0""",1,,,
393,MEP - Ductwork,Round Duct - Straight,"24.0"" Dia, L: 96.0""",1,,,
394,MEP - Ductwork,Round Duct - Elbow,"24.0"" Dia",1,,,
395,MEP - Ductwork,Round Duct - Elbow,"24.0"" Dia",1,,,
396,MEP - Ductwork,Round Duct - Straight,"24.0"" Dia, L: 96.0""",1,,,
397,MEP - Ductwork,Round Duct - Elbow,"24.0"" Dia",1,,,
398,MEP - Ductwork,Round Duct - Elbow,"24.0"" Dia",1,,,
399,MEP - Ductwork,Round Duct - Straight,"24.0"" Dia, L: 96.0""",1,,,
400,MEP - Ductwork,Rectangular Duct - Elbow,"12.0""W x 12.0""H",1,,,
401,MEP - Ductwork,Rectangular Duct - Straight,"12.0""W x 12.0""H, L: 12.0""",1,,,
402,MEP - Ductwork,Rectangular Duct - Straight,"12.0""W x 12.0""H, L: 36.0""",1,,,
403,MEP - Ductwork,Rectangular Duct - Elbow,"12.0""W x 12.0""H",1,,,
404,MEP - Ductwork,Rectangular Duct - Straight,"12.0""W x 12.0""H, L: 12.0""",1,,,
405,MEP - Ductwork,Rectangular Duct - Straight,"12.0""W x 12.0""H, L: 36.0""",1,,,
406,Sheet Metal,"Sheet Metal Panel - 30.857142857142858""x96.0"" (16ga)",16ga,1,,50.24,Galvanized Steel
407,Sheet Metal,"Sheet Metal Panel - 30.857142857142858""x96.0"" (16ga)",16ga,1,,50.24,Galvanized Steel
408,Sheet Metal,"Sheet Metal Panel - 30.857142857142858""x96.0"" (16ga)",16ga,1,,50.24,Galvanized Steel
409,Sheet Metal,"Sheet Metal Panel - 30.857142857142858""x96.0"" (16ga)",16ga,1,,50.24,Galvanized Steel
410,Sheet Metal,"Sheet Metal Panel - 30.857142857142858""x96.0"" (16ga)",16ga,1,,50.24,Galvanized Steel
411,Sheet Metal,"Sheet Metal Panel - 30.857142857142858""x96.0"" (16ga)",16ga,1,,50.24,Galvanized Steel
412,Sheet Metal,"Sheet Metal Panel - 30.857142857142858""x96.0"" (16ga)",16ga,1,,50.24,Galvanized Steel
413,Sheet Metal,"Sheet Metal Panel - 30.857142857142858""x96.0"" (16ga)",16ga,1,,50.24,Galvanized Steel
414,Sheet Metal,"Sheet Metal Panel - 30.857142857142858""x96.0"" (16ga)",16ga,1,,50.24,Galvanized Steel
415,Sheet Metal,"Sheet Metal Panel - 30.857142857142858""x96.0"" (16ga)",16ga,1,,50.24,Galvanized Steel
416,Sheet Metal,"Sheet Metal Panel - 30.857142857142858""x96.0"" (16ga)",16ga,1,,50.24,Galvanized Steel
417,Sheet Metal,"Sheet Metal Panel - 30.857142857142858""x96.0"" (16ga)",16ga,1,,50.24,Galvanized Steel
418,Sheet Metal,"Sheet Metal Panel - 30.857142857142858""x96.0"" (16ga)",16ga,1,,50.24,Galvanized Steel
419,Sheet Metal,"Sheet Metal Panel - 30.857142857142858""x96.0"" (16ga)",16ga,1,,50.24,Galvanized Steel
420,Sheet Metal,"Sheet Metal Panel - 30.857142857142858""x57.0"" (16ga)",16ga,1,,29.83,Galvanized Steel
421,Sheet Metal,"Sheet Metal Panel - 30.857142857142858""x57.0"" (16ga)",16ga,1,,29.83,Galvanized Steel
422,Sheet Metal,"Sheet Metal Panel - 30.857142857142858""x57.0"" (16ga)",16ga,1,,29.83,Galvanized Steel
423,Sheet Metal,"Sheet Metal Panel - 30.857142857142858""x57.0"" (16ga)",16ga,1,,29.83,Galvanized Steel
424,Sheet Metal,"Sheet Metal Panel - 30.857142857142858""x57.0"" (16ga)",16ga,1,,29.83,Galvanized Steel
425,Sheet Metal,"Sheet Metal Panel - 30.857142857142858""x57.0"" (16ga)",16ga,1,,29.83,Galvanized Steel
426,Sheet Metal,"Sheet Metal Panel - 30.857142857142858""x57.0"" (16ga)",16ga,1,,29.83,Galvanized Steel
427,Sheet Metal,"Sheet Metal Panel - 30.857142857142858""x57.0"" (16ga)",16ga,1,,29.83,Galvanized Steel
428,Sheet Metal,"Sheet Metal Panel - 30.857142857142858""x57.0"" (16ga)",16ga,1,,29.83,Galvanized Steel
429,Sheet Metal,"Sheet Metal Panel - 30.857142857142858""x57.0"" (16ga)",16ga,1,,29.83,Galvanized Steel
430,Sheet Metal,"Sheet Metal Panel - 30.857142857142858""x57.0"" (16ga)",16ga,1,,29.83,Galvanized Steel
431,Sheet Metal,"Sheet Metal Panel - 30.857142857142858""x57.0"" (16ga)",16ga,1,,29.83,Galvanized Steel
432,Sheet Metal,"Sheet Metal Panel - 30.857142857142858""x57.0"" (16ga)",16ga,1,,29.83,Galvanized Steel
433,Sheet Metal,"Sheet Metal Panel - 30.857142857142858""x57.0"" (16ga)",16ga,1,,29.83,Galvanized Steel
434,Sheet Metal,"Sheet Metal Panel - 30.857142857142858""x96.0"" (16ga)",16ga,1,,50.24,Galvanized Steel
435,Sheet Metal,"Sheet Metal Panel - 30.857142857142858""x96.0"" (16ga)",16ga,1,,50.24,Galvanized Steel
436,Sheet Metal,"Sheet Metal Panel - 30.857142857142858""x96.0"" (16ga)",16ga,1,,50.24,Galvanized Steel
437,Sheet Metal,"Sheet Metal Panel - 30.857142857142858""x96.0"" (16ga)",16ga,1,,50.24,Galvanized Steel
438,Sheet Metal,"Sheet Metal Panel - 30.857142857142858""x96.0"" (16ga)",16ga,1,,50.24,Galvanized Steel
439,Sheet Metal,"Sheet Metal Panel - 30.857142857142858""x96.0"" (16ga)",16ga,1,,50.24,Galvanized Steel
440,Sheet Metal,"Sheet Metal Panel - 30.857142857142858""x96.0"" (16ga)",16ga,1,,50.24,Galvanized Steel
441,Sheet Metal,"Sheet Metal Panel - 30.857142857142858""x96.0"" (16ga)",16ga,1,,50.24,Galvanized Steel
442,Sheet Metal,"Sheet Metal Panel - 30.857142857142858""x96.0"" (16ga)",16ga,1,,50.24,Galvanized Steel
443,Sheet Metal,"Sheet Metal Panel - 30.857142857142858""x96.0"" (16ga)",16ga,1,,50.24,Galvanized Steel
444,Sheet Metal,"Sheet Metal Panel - 30.857142857142858""x96.0"" (16ga)",16ga,1,,50.24,Galvanized Steel
445,Sheet Metal,"Sheet Metal Panel - 30.857142857142858""x96.0"" (16ga)",16ga,1,,50.24,Galvanized Steel
446,Sheet Metal,"Sheet Metal Panel - 30.857142857142858""x96.0"" (16ga)",16ga,1,,50.24,Galvanized Steel
447,Sheet Metal,"Sheet Metal Panel - 30.857142857142858""x96.0"" (16ga)",16ga,1,,50.24,Galvanized Steel
448,Sheet Metal,"Sheet Metal Panel - 30.857142857142858""x57.0"" (16ga)",16ga,1,,29.83,Galvanized Steel
449,Sheet Metal,"Sheet Metal Panel - 30.857142857142858""x57.0"" (16ga)",16ga,1,,29.83,Galvanized Steel
450,Sheet Metal,"Sheet Metal Panel - 30.857142857142858""x57.0"" (16ga)",16ga,1,,29.83,Galvanized Steel
451,Sheet Metal,"Sheet Metal Panel - 30.857142857142858""x57.0"" (16ga)",16ga,1,,29.83,Galvanized Steel
452,Sheet Metal,"Sheet Metal Panel - 30.857142857142858""x57.0"" (16ga)",16ga,1,,29.83,Galvanized Steel
453,Sheet Metal,"Sheet Metal Panel - 30.857142857142858""x57.0"" (16ga)",16ga,1,,29.83,Galvanized Steel
454,Sheet Metal,"Sheet Metal Panel - 30.857142857142858""x57.0"" (16ga)",16ga,1,,29.83,Galvanized Steel
455,Sheet Metal,"Sheet Metal Panel - 30.857142857142858""x57.0"" (16ga)",16ga,1,,29.83,Galvanized Steel
456,Sheet Metal,"Sheet Metal Panel - 30.857142857142858""x57.0"" (16ga)",16ga,1,,29.83,Galvanized Steel
457,Sheet Metal,"Sheet Metal Panel - 30.857142857142858""x57.0"" (16ga)",16ga,1,,29.83,Galvanized Steel
458,Sheet Metal,"Sheet Metal Panel - 30.857142857142858""x57.0"" (16ga)",16ga,1,,29.83,Galvanized Steel
459,Sheet Metal,"Sheet Metal Panel - 30.857142857142858""x57.0"" (16ga)",16ga,1,,29.83,Galvanized Steel
460,Sheet Metal,"Sheet Metal Panel - 30.857142857142858""x57.0"" (16ga)",16ga,1,,29.83,Galvanized Steel
461,Sheet Metal,"Sheet Metal Panel - 30.857142857142858""x57.0"" (16ga)",16ga,1,,29.83,Galvanized Steel
462,Sheet Metal,"Sheet Metal Panel - 30.857142857142858""x96.0"" (16ga)",16ga,1,,50.24,Galvanized Steel
463,Sheet Metal,"Sheet Metal Panel - 30.857142857142858""x96.0"" (16ga)",16ga,1,,50.24,Galvanized Steel
464,Sheet Metal,"Sheet Metal Panel - 30.857142857142858""x96.0"" (16ga)",16ga,1,,50.24,Galvanized Steel
465,Sheet Metal,"Sheet Metal Panel - 30.857142857142858""x96.0"" (16ga)",16ga,1,,50.24,Galvanized Steel
466,Sheet Metal,"Sheet Metal Panel - 30.857142857142858""x96.0"" (16ga)",16ga,1,,50.24,Galvanized Steel
467,Sheet Metal,"Sheet Metal Panel - 30.857142857142858""x96.0"" (16ga)",16ga,1,,50.24,Galvanized Steel
468,Sheet Metal,"Sheet Metal Panel - 30.857142857142858""x96.0"" (16ga)",16ga,1,,50.24,Galvanized Steel
469,Sheet Metal,"Sheet Metal Panel - 30.857142857142858""x96.0"" (16ga)",16ga,1,,50.24,Galvanized Steel
470,Sheet Metal,"Sheet Metal Panel - 30.857142857142858""x96.0"" (16ga)",16ga,1,,50.24,Galvanized Steel
471,Sheet Metal,"Sheet Metal Panel - 30.857142857142858""x96.0"" (16ga)",16ga,1,,50.24,Galvanized Steel
472,Sheet Metal,"Sheet Metal Panel - 30.857142857142858""x96.0"" (16ga)",16ga,1,,50.24,Galvanized Steel
473,Sheet Metal,"Sheet Metal Panel - 30.857142857142858""x96.0"" (16ga)",16ga,1,,50.24,Galvanized Steel
474,Sheet Metal,"Sheet Metal Panel - 30.857142857142858""x96.0"" (16ga)",16ga,1,,50.24,Galvanized Steel
475,Sheet Metal,"Sheet Metal Panel - 30.857142857142858""x96.0"" (16ga)",16ga,1,,50.24,Galvanized Steel
476,Sheet Metal,"Sheet Metal Panel - 30.857142857142858""x48.0"" (16ga)",16ga,1,,25.12,Galvanized Steel
477,Sheet Metal,"Sheet Metal Panel - 30.857142857142858""x48.0"" (16ga)",16ga,1,,25.12,Galvanized Steel
478,Sheet Metal,"Sheet Metal Panel - 30.857142857142858""x48.0"" (16ga)",16ga,1,,25.12,Galvanized Steel
479,Sheet Metal,"Sheet Metal Panel - 30.857142857142858""x48.0"" (16ga)",16ga,1,,25.12,Galvanized Steel
480,Sheet Metal,"Sheet Metal Panel - 30.857142857142858""x48.0"" (16ga)",16ga,1,,25.12,Galvanized Steel
481,Sheet Metal,"Sheet Metal Panel - 30.857142857142858""x48.0"" (16ga)",16ga,1,,25.12,Galvanized Steel
482,Sheet Metal,"Sheet Metal Panel - 30.857142857142858""x48.0"" (16ga)",16ga,1,,25.12,Galvanized Steel
483,Sheet Metal,"Sheet Metal Panel - 30.857142857142858""x48.0"" (16ga)",16ga,1,,25.12,Galvanized Steel
484,Sheet Metal,"Sheet Metal Panel - 30.857142857142858""x48.0"" (16ga)",16ga,1,,25.12,Galvanized Steel
485,Sheet Metal,"Sheet Metal Panel - 30.857142857142858""x48.0"" (16ga)",16ga,1,,25.12,Galvanized Steel
486,Sheet Metal,"Sheet Metal Panel - 30.857142857142858""x48.0"" (16ga)",16ga,1,,25.12,Galvanized Steel
487,Sheet Metal,"Sheet Metal Panel - 30.857142857142858""x48.0"" (16ga)",16ga,1,,25.12,Galvanized Steel
488,Sheet Metal,"Sheet Metal Panel - 30.857142857142858""x48.0"" (16ga)",16ga,1,,25.12,Galvanized Steel
489,Sheet Metal,"Sheet Metal Panel - 30.857142857142858""x48.0"" (16ga)",16ga,1,,25.12,Galvanized Steel
490,Sheet Metal,"Sheet Metal Panel - 28.8""x96.0"" (16ga)",16ga,1,,46.89,Galvanized Steel
491,Glazing,"Glazing - 30.0""x96.0""",,1,,,Plexiglass
492,Sheet Metal,"Sheet Metal Panel - 28.8""x96.0"" (16ga)",16ga,1,,46.89,Galvanized Steel
493,Sheet Metal,"Sheet Metal Panel - 28.8""x96.0"" (16ga)",16ga,1,,46.89,Galvanized Steel
494,Sheet Metal,"Sheet Metal Panel - 28.8""x96.0"" (16ga)",16ga,1,,46.89,Galvanized Steel
495,Glazing,"Glazing - 30.0""x96.0""",,1,,,Plexiglass
496,Sheet Metal,"Sheet Metal Panel - 28.8""x57.0"" (16ga)",16ga,1,,27.84,Galvanized Steel
497,Sheet Metal,"Sheet Metal Panel - 28.8""x57.0"" (16ga)",16ga,1,,27.84,Galvanized Steel
498,Sheet Metal,"Sheet Metal Panel - 28.8""x57.0"" (16ga)",16ga,1,,27.84,Galvanized Steel
499,Sheet Metal,"Sheet Metal Panel - 28.8""x57.0"" (16ga)",16ga,1,,27.84,Galvanized Steel
500,Sheet Metal,"Sheet Metal Panel - 28.8""x96.0"" (16ga)",16ga,1,,46.89,Galvanized Steel
501,Glazing,"Glazing - 30.0""x96.0""",,1,,,Plexiglass
502,Sheet Metal,"Sheet Metal Panel - 28.8""x96.0"" (16ga)",16ga,1,,46.89,Galvanized Steel
503,Sheet Metal,"Sheet Metal Panel - 28.8""x96.0"" (16ga)",16ga,1,,46.89,Galvanized Steel
504,Sheet Metal,"Sheet Metal Panel - 28.8""x96.0"" (16ga)",16ga,1,,46.89,Galvanized Steel
505,Glazing,"Glazing - 30.0""x96.0""",,1,,,Plexiglass
506,Sheet Metal,"Sheet Metal Panel - 28.8""x57.0"" (16ga)",16ga,1,,27.84,Galvanized Steel
507,Sheet Metal,"Sheet Metal Panel - 28.8""x57.0"" (16ga)",16ga,1,,27.84,Galvanized Steel
508,Sheet Metal,"Sheet Metal Panel - 28.8""x57.0"" (16ga)",16ga,1,,27.84,Galvanized Steel
509,Sheet Metal,"Sheet Metal Panel - 28.8""x57.0"" (16ga)",16ga,1,,27.84,Galvanized Steel
510,Sheet Metal,"Sheet Metal Panel - 30.857142857142858""x96.0"" (16ga)",16ga,1,,50.24,Galvanized Steel
511,Sheet Metal,"Sheet Metal Panel - 30.857142857142858""x96.0"" (16ga)",16ga,1,,50.24,Galvanized Steel
512,Sheet Metal,"Sheet Metal Panel - 30.857142857142858""x96.0"" (16ga)",16ga,1,,50.24,Galvanized Steel
513,Sheet Metal,"Sheet Metal Panel - 30.857142857142858""x96.0"" (16ga)",16ga,1,,50.24,Galvanized Steel
514,Sheet Metal,"Sheet Metal Panel - 30.857142857142858""x96.0"" (16ga)",16ga,1,,50.24,Galvanized Steel
515,Sheet Metal,"Sheet Metal Panel - 30.857142857142858""x96.0"" (16ga)",16ga,1,,50.24,Galvanized Steel
516,Sheet Metal,"Sheet Metal Panel - 30.857142857142858""x96.0"" (16ga)",16ga,1,,50.24,Galvanized Steel
517,Sheet Metal,"Sheet Metal Panel - 30.857142857142858""x96.0"" (16ga)",16ga,1,,50.24,Galvanized Steel
518,Sheet Metal,"Sheet Metal Panel - 30.857142857142858""x96.0"" (16ga)",16ga,1,,50.24,Galvanized Steel
519,Sheet Metal,"Sheet Metal Panel - 30.857142857142858""x96.0"" (16ga)",16ga,1,,50.24,Galvanized Steel
520,Sheet Metal,"Sheet Metal Panel - 30.857142857142858""x96.0"" (16ga)",16ga,1,,50.24,Galvanized Steel
521,Sheet Metal,"Sheet Metal Panel - 30.857142857142858""x96.0"" (16ga)",16ga,1,,50.24,Galvanized Steel
522,Sheet Metal,"Sheet Metal Panel - 30.857142857142858""x96.0"" (16ga)",16ga,1,,50.24,Galvanized Steel
523,Sheet Metal,"Sheet Metal Panel - 30.857142857142858""x96.0"" (16ga)",16ga,1,,50.24,Galvanized Steel
524,Sheet Metal,"Sheet Metal Panel - 30.857142857142858""x48.0"" (16ga)",16ga,1,,25.12,Galvanized Steel
525,Sheet Metal,"Sheet Metal Panel - 30.857142857142858""x48.0"" (16ga)",16ga,1,,25.12,Galvanized Steel
526,Sheet Metal,"Sheet Metal Panel - 30.857142857142858""x48.0"" (16ga)",16ga,1,,25.12,Galvanized Steel
527,Sheet Metal,"Sheet Metal Panel - 30.857142857142858""x48.0"" (16ga)",16ga,1,,25.12,Galvanized Steel
528,Sheet Metal,"Sheet Metal Panel - 30.857142857142858""x48.0"" (16ga)",16ga,1,,25.12,Galvanized Steel
529,Sheet Metal,"Sheet Metal Panel - 30.857142857142858""x48.0"" (16ga)",16ga,1,,25.12,Galvanized Steel
530,Sheet Metal,"Sheet Metal Panel - 30.857142857142858""x48.0"" (16ga)",16ga,1,,25.12,Galvanized Steel
531,Sheet Metal,"Sheet Metal Panel - 30.857142857142858""x48.0"" (16ga)",16ga,1,,25.12,Galvanized Steel
532,Sheet Metal,"Sheet Metal Panel - 30.857142857142858""x48.0"" (16ga)",16ga,1,,25.12,Galvanized Steel
533,Sheet Metal,"Sheet Metal Panel - 30.857142857142858""x48.0"" (16ga)",16ga,1,,25.12,Galvanized Steel
534,Sheet Metal,"Sheet Metal Panel - 30.857142857142858""x48.0"" (16ga)",16ga,1,,25.12,Galvanized Steel
535,Sheet Metal,"Sheet Metal Panel - 30.857142857142858""x48.0"" (16ga)",16ga,1,,25.12,Galvanized Steel
536,Sheet Metal,"Sheet Metal Panel - 30.857142857142858""x48.0"" (16ga)",16ga,1,,25.12,Galvanized Steel
537,Sheet Metal,"Sheet Metal Panel - 30.857142857142858""x48.0"" (16ga)",16ga,1,,25.12,Galvanized Steel
538,Sheet Metal,"Sheet Metal Panel - 32.0""x48.0"" (16ga)",16ga,1,,26.05,Galvanized Steel
539,Sheet Metal,"Sheet Metal Panel - 32.0""x48.0"" (16ga)",16ga,1,,26.05,Galvanized Steel
540,Sheet Metal,"Sheet Metal Panel - 32.0""x48.0"" (16ga)",16ga,1,,26.05,Galvanized Steel
541,Sheet Metal,"Sheet Metal Panel - 32.0""x48.0"" (16ga)",16ga,1,,26.05,Galvanized Steel
542,Sheet Metal,"Sheet Metal Panel - 32.0""x48.0"" (16ga)",16ga,1,,26.05,Galvanized Steel
543,Sheet Metal,"Sheet Metal Panel - 32.0""x48.0"" (16ga)",16ga,1,,26.05,Galvanized Steel
544,Sheet Metal,"Sheet Metal Panel - 32.0""x36.0"" (16ga)",16ga,1,,19.54,Galvanized Steel
545,Sheet Metal,"Sheet Metal Panel - 32.0""x36.0"" (16ga)",16ga,1,,19.54,Galvanized Steel
546,Sheet Metal,"Sheet Metal Panel - 32.0""x36.0"" (16ga)",16ga,1,,19.54,Galvanized Steel
547,Sheet Metal,"Sheet Metal Panel - 36.0""x48.0"" (16ga)",16ga,1,,29.31,Galvanized Steel
548,Sheet Metal,"Sheet Metal Panel - 36.0""x48.0"" (16ga)",16ga,1,,29.31,Galvanized Steel
549,Sheet Metal,"Sheet Metal Panel - 32.0""x36.0"" (16ga)",16ga,1,,19.54,Galvanized Steel
550,Sheet Metal,"Sheet Metal Panel - 32.0""x36.0"" (16ga)",16ga,1,,19.54,Galvanized Steel
551,Sheet Metal,"Sheet Metal Panel - 32.0""x36.0"" (16ga)",16ga,1,,19.54,Galvanized Steel
552,Sheet Metal,"Sheet Metal Panel - 32.0""x48.0"" (16ga)",16ga,1,,26.05,Galvanized Steel
553,Sheet Metal,"Sheet Metal Panel - 32.0""x48.0"" (16ga)",16ga,1,,26.05,Galvanized Steel
554,Sheet Metal,"Sheet Metal Panel - 32.0""x48.0"" (16ga)",16ga,1,,26.05,Galvanized Steel
555,Sheet Metal,"Sheet Metal Panel - 32.0""x48.0"" (16ga)",16ga,1,,26.05,Galvanized Steel
556,Sheet Metal,"Sheet Metal Panel - 32.0""x48.0"" (16ga)",16ga,1,,26.05,Galvanized Steel
557,Sheet Metal,"Sheet Metal Panel - 32.0""x48.0"" (16ga)",16ga,1,,26.05,Galvanized Steel
558,Sheet Metal,"Sheet Metal Panel - 32.0""x36.0"" (16ga)",16ga,1,,19.54,Galvanized Steel
559,Sheet Metal,"Sheet Metal Panel - 32.0""x36.0"" (16ga)",16ga,1,,19.54,Galvanized Steel
560,Sheet Metal,"Sheet Metal Panel - 32.0""x36.0"" (16ga)",16ga,1,,19.54,Galvanized Steel
561,Sheet Metal,"Sheet Metal Panel - 36.0""x48.0"" (16ga)",16ga,1,,29.31,Galvanized Steel
562,Sheet Metal,"Sheet Metal Panel - 36.0""x48.0"" (16ga)",16ga,1,,29.31,Galvanized Steel
563,Sheet Metal,"Sheet Metal Panel - 32.0""x36.0"" (16ga)",16ga,1,,19.54,Galvanized Steel
564,Sheet Metal,"Sheet Metal Panel - 32.0""x36.0"" (16ga)",16ga,1,,19.54,Galvanized Steel
565,Sheet Metal,"Sheet Metal Panel - 32.0""x36.0"" (16ga)",16ga,1,,19.54,Galvanized Steel
566,Sheet Metal,"Sheet Metal Panel - 28.8""x96.0"" (16ga)",16ga,1,,46.89,Galvanized Steel
567,Sheet Metal,"Sheet Metal Panel - 28.8""x96.0"" (16ga)",16ga,1,,46.89,Galvanized Steel
568,Sheet Metal,"Sheet Metal Panel - 28.8""x96.0"" (16ga)",16ga,1,,46.89,Galvanized Steel
569,Sheet Metal,"Sheet Metal Panel - 28.8""x96.0"" (16ga)",16ga,1,,46.89,Galvanized Steel
570,Sheet Metal,"Sheet Metal Panel - 28.8""x96.0"" (16ga)",16ga,1,,46.89,Galvanized Steel
571,Sheet Metal,"Sheet Metal Panel - 28.8""x96.0"" (16ga)",16ga,1,,46.89,Galvanized Steel
572,Sheet Metal,"Sheet Metal Panel - 28.8""x96.0"" (16ga)",16ga,1,,46.89,Galvanized Steel
573,Sheet Metal,"Sheet Metal Panel - 28.8""x96.0"" (16ga)",16ga,1,,46.89,Galvanized Steel
574,Sheet Metal,"Sheet Metal Panel - 28.8""x96.0"" (16ga)",16ga,1,,46.89,Galvanized Steel
575,Sheet Metal,"Sheet Metal Panel - 28.8""x96.0"" (16ga)",16ga,1,,46.89,Galvanized Steel
576,Sheet Metal,"Sheet Metal Panel - 28.8""x96.0"" (16ga)",16ga,1,,46.89,Galvanized Steel
577,Sheet Metal,"Sheet Metal Panel - 28.8""x96.0"" (16ga)",16ga,1,,46.89,Galvanized Steel
578,Sheet Metal,"Sheet Metal Panel - 28.8""x96.0"" (16ga)",16ga,1,,46.89,Galvanized Steel
579,Sheet Metal,"Sheet Metal Panel - 28.8""x96.0"" (16ga)",16ga,1,,46.89,Galvanized Steel
580,Sheet Metal,"Sheet Metal Panel - 28.8""x96.0"" (16ga)",16ga,1,,46.89,Galvanized Steel
581,Sheet Metal,"Sheet Metal Panel - 28.8""x48.0"" (16ga)",16ga,1,,23.44,Galvanized Steel
582,Sheet Metal,"Sheet Metal Panel - 28.8""x48.0"" (16ga)",16ga,1,,23.44,Galvanized Steel
583,Sheet Metal,"Sheet Metal Panel - 28.8""x48.0"" (16ga)",16ga,1,,23.44,Galvanized Steel
584,Sheet Metal,"Sheet Metal Panel - 28.8""x48.0"" (16ga)",16ga,1,,23.44,Galvanized Steel
585,Sheet Metal,"Sheet Metal Panel - 28.8""x48.0"" (16ga)",16ga,1,,23.44,Galvanized Steel
586,Sheet Metal,"Sheet Metal Panel - 28.8""x96.0"" (16ga)",16ga,1,,46.89,Galvanized Steel
587,Sheet Metal,"Sheet Metal Panel - 28.8""x96.0"" (16ga)",16ga,1,,46.89,Galvanized Steel
588,Sheet Metal,"Sheet Metal Panel - 28.8""x96.0"" (16ga)",16ga,1,,46.89,Galvanized Steel
589,Sheet Metal,"Sheet Metal Panel - 28.8""x96.0"" (16ga)",16ga,1,,46.89,Galvanized Steel
590,Sheet Metal,"Sheet Metal Panel - 28.8""x96.0"" (16ga)",16ga,1,,46.89,Galvanized Steel
591,Sheet Metal,"Sheet Metal Panel - 28.8""x96.0"" (16ga)",16ga,1,,46.89,Galvanized Steel
592,Sheet Metal,"Sheet Metal Panel - 28.8""x96.0"" (16ga)",16ga,1,,46.89,Galvanized Steel
593,Sheet Metal,"Sheet Metal Panel - 28.8""x96.0"" (16ga)",16ga,1,,46.89,Galvanized Steel
594,Sheet Metal,"Sheet Metal Panel - 28.8""x96.0"" (16ga)",16ga,1,,46.89,Galvanized Steel
595,Sheet Metal,"Sheet Metal Panel - 28.8""x96.0"" (16ga)",16ga,1,,46.89,Galvanized Steel
596,Sheet Metal,"Sheet Metal Panel - 28.8""x96.0"" (16ga)",16ga,1,,46.89,Galvanized Steel
597,Sheet Metal,"Sheet Metal Panel - 28.8""x96.0"" (16ga)",16ga,1,,46.89,Galvanized Steel
598,Sheet Metal,"Sheet Metal Panel - 28.8""x96.0"" (16ga)",16ga,1,,46.89,Galvanized Steel
599,Sheet Metal,"Sheet Metal Panel - 28.8""x96.0"" (16ga)",16ga,1,,46.89,Galvanized Steel
600,Sheet Metal,"Sheet Metal Panel - 28.8""x96.0"" (16ga)",16ga,1,,46.89,Galvanized Steel
601,Sheet Metal,"Sheet Metal Panel - 28.8""x48.0"" (16ga)",16ga,1,,23.44,Galvanized Steel
602,Sheet Metal,"Sheet Metal Panel - 28.8""x48.0"" (16ga)",16ga,1,,23.44,Galvanized Steel
603,Sheet Metal,"Sheet Metal Panel - 28.8""x48.0"" (16ga)",16ga,1,,23.44,Galvanized Steel
604,Sheet Metal,"Sheet Metal Panel - 28.8""x48.0"" (16ga)",16ga,1,,23.44,Galvanized Steel
605,Sheet Metal,"Sheet Metal Panel - 28.8""x48.0"" (16ga)",16ga,1,,23.44,Galvanized Steel
606,Sheet Metal,"Sheet Metal Panel - 32.0""x12.0"" (16ga)",16ga,1,,6.51,Galvanized Steel
607,Sheet Metal,"Sheet Metal Panel - 32.0""x12.0"" (16ga)",16ga,1,,6.51,Galvanized Steel
608,Sheet Metal,"Sheet Metal Panel - 32.0""x12.0"" (16ga)",16ga,1,,6.51,Galvanized Steel
609,Sheet Metal,"Sheet Metal Panel - 32.0""x12.0"" (16ga)",16ga,1,,6.51,Galvanized Steel
610,Sheet Metal,"Sheet Metal Panel - 32.0""x12.0"" (16ga)",16ga,1,,6.51,Galvanized Steel
611,Sheet Metal,"Sheet Metal Panel - 32.0""x12.0"" (16ga)",16ga,1,,6.51,Galvanized Steel
612,Sheet Metal,"Sheet Metal Panel - 32.0""x36.0"" (16ga)",16ga,1,,19.54,Galvanized Steel
613,Sheet Metal,"Sheet Metal Panel - 32.0""x36.0"" (16ga)",16ga,1,,19.54,Galvanized Steel
614,Sheet Metal,"Sheet Metal Panel - 32.0""x36.0"" (16ga)",16ga,1,,19.54,Galvanized Steel
615,Sheet Metal,"Sheet Metal Panel - 36.0""x12.0"" (16ga)",16ga,1,,7.33,Galvanized Steel
616,Sheet Metal,"Sheet Metal Panel - 36.0""x12.0"" (16ga)",16ga,1,,7.33,Galvanized Steel
617,Sheet Metal,"Sheet Metal Panel - 32.0""x36.0"" (16ga)",16ga,1,,19.54,Galvanized Steel
618,Sheet Metal,"Sheet Metal Panel - 32.0""x36.0"" (16ga)",16ga,1,,19.54,Galvanized Steel
619,Sheet Metal,"Sheet Metal Panel - 32.0""x36.0"" (16ga)",16ga,1,,19.54,Galvanized Steel
620,Sheet Metal,"Sheet Metal Panel - 32.0""x12.0"" (16ga)",16ga,1,,6.51,Galvanized Steel
621,Sheet Metal,"Sheet Metal Panel - 32.0""x12.0"" (16ga)",16ga,1,,6.51,Galvanized Steel
622,Sheet Metal,"Sheet Metal Panel - 32.0""x12.0"" (16ga)",16ga,1,,6.51,Galvanized Steel
623,Sheet Metal,"Sheet Metal Panel - 32.0""x12.0"" (16ga)",16ga,1,,6.51,Galvanized Steel
624,Sheet Metal,"Sheet Metal Panel - 32.0""x12.0"" (16ga)",16ga,1,,6.51,Galvanized Steel
625,Sheet Metal,"Sheet Metal Panel - 32.0""x12.0"" (16ga)",16ga,1,,6.51,Galvanized Steel
626,Sheet Metal,"Sheet Metal Panel - 32.0""x36.0"" (16ga)",16ga,1,,19.54,Galvanized Steel
627,Sheet Metal,"Sheet Metal Panel - 32.0""x36.0"" (16ga)",16ga,1,,19.54,Galvanized Steel
628,Sheet Metal,"Sheet Metal Panel - 32.0""x36.0"" (16ga)",16ga,1,,19.54,Galvanized Steel
629,Sheet Metal,"Sheet Metal Panel - 36.0""x12.0"" (16ga)",16ga,1,,7.33,Galvanized Steel
630,Sheet Metal,"Sheet Metal Panel - 36.0""x12.0"" (16ga)",16ga,1,,7.33,Galvanized Steel
631,Sheet Metal,"Sheet Metal Panel - 32.0""x36.0"" (16ga)",16ga,1,,19.54,Galvanized Steel
632,Sheet Metal,"Sheet Metal Panel - 32.0""x36.0"" (16ga)",16ga,1,,19.54,Galvanized Steel
633,Sheet Metal,"Sheet Metal Panel - 32.0""x36.0"" (16ga)",16ga,1,,19.54,Galvanized Steel
634,Sheet Metal,"Sheet Metal Panel - 36.0""x12.0"" (16ga)",16ga,1,,7.33,Galvanized Steel
635,Sheet Metal,"Sheet Metal Panel - 36.0""x12.0"" (16ga)",16ga,1,,7.33,Galvanized Steel
636,Sheet Metal,"Sheet Metal Panel - 36.0""x12.0"" (16ga)",16ga,1,,7.33,Galvanized Steel
637,Sheet Metal,"Sheet Metal Panel - 36.0""x12.0"" (16ga)",16ga,1,,7.33,Galvanized Steel
638,Sheet Metal,"Sheet Metal Panel - 36.0""x36.0"" (16ga)",16ga,1,,21.98,Galvanized Steel
639,Sheet Metal,"Sheet Metal Panel - 36.0""x36.0"" (16ga)",16ga,1,,21.98,Galvanized Steel
640,Sheet Metal,"Sheet Metal Panel - 36.0""x12.0"" (16ga)",16ga,1,,7.33,Galvanized Steel
641,Sheet Metal,"Sheet Metal Panel - 36.0""x12.0"" (16ga)",16ga,1,,7.33,Galvanized Steel
642,Sheet Metal,"Sheet Metal Panel - 36.0""x36.0"" (16ga)",16ga,1,,21.98,Galvanized Steel
643,Sheet Metal,"Sheet Metal Panel - 36.0""x36.0"" (16ga)",16ga,1,,21.98,Galvanized Steel
644,MEP - Ductwork,Rectangular Duct - Elbow,"36.0""W x 72.0""H",1,,,
645,MEP - Ductwork,Rectangular Duct - Straight,"36.0""W x 72.0""H, L: 96.0""",1,,,
646,MEP - Ductwork,Rectangular Duct - Elbow,"36.0""W x 72.0""H",1,,,
647,MEP - Ductwork,Rectangular Duct - Straight,"36.0""W x 72.0""H, L: 96.0""",1,,,
648,Sheet Metal,"Sheet Metal Panel - 31.5""x96.0"" (16ga)",16ga,1,,51.28,Galvanized Steel
649,Sheet Metal,"Sheet Metal Panel - 31.5""x96.0"" (16ga)",16ga,1,,51.28,Galvanized Steel
650,Sheet Metal,"Sheet Metal Panel - 31.5""x96.0"" (16ga)",16ga,1,,51.28,Galvanized Steel
651,Sheet Metal,"Sheet Metal Panel - 31.5""x96.0"" (16ga)",16ga,1,,51.28,Galvanized Steel
652,Sheet Metal,"Sheet Metal Panel - 31.5""x96.0"" (16ga)",16ga,1,,51.28,Galvanized Steel
653,Sheet Metal,"Sheet Metal Panel - 31.5""x96.0"" (16ga)",16ga,1,,51.28,Galvanized Steel
654,Sheet Metal,"Sheet Metal Panel - 31.5""x96.0"" (16ga)",16ga,1,,51.28,Galvanized Steel
655,Sheet Metal,"Sheet Metal Panel - 31.5""x96.0"" (16ga)",16ga,1,,51.28,Galvanized Steel
656,Sheet Metal,"Sheet Metal Panel - 31.5""x48.0"" (16ga)",16ga,1,,25.64,Galvanized Steel
657,Sheet Metal,"Sheet Metal Panel - 31.5""x48.0"" (16ga)",16ga,1,,25.64,Galvanized Steel
658,Sheet Metal,"Sheet Metal Panel - 31.5""x48.0"" (16ga)",16ga,1,,25.64,Galvanized Steel
659,Sheet Metal,"Sheet Metal Panel - 31.5""x48.0"" (16ga)",16ga,1,,25.64,Galvanized Steel
660,Sheet Metal,"Sheet Metal Panel - 31.5""x48.0"" (16ga)",16ga,1,,25.64,Galvanized Steel
661,Sheet Metal,"Sheet Metal Panel - 31.5""x48.0"" (16ga)",16ga,1,,25.64,Galvanized Steel
662,Sheet Metal,"Sheet Metal Panel - 31.5""x48.0"" (16ga)",16ga,1,,25.64,Galvanized Steel
663,Sheet Metal,"Sheet Metal Panel - 31.5""x48.0"" (16ga)",16ga,1,,25.64,Galvanized Steel
664,Sheet Metal,"Sheet Metal Panel - 31.5""x96.0"" (16ga)",16ga,1,,51.28,Galvanized Steel
665,Sheet Metal,"Sheet Metal Panel - 31.5""x96.0"" (16ga)",16ga,1,,51.28,Galvanized Steel
666,Sheet Metal,"Sheet Metal Panel - 31.5""x96.0"" (16ga)",16ga,1,,51.28,Galvanized Steel
667,Sheet Metal - Parts,"Part - 31.5""x60.0"" (16ga)",16ga,1,,32.05,Galvanized Steel
668,Sheet Metal - Parts,"Part - 31.5""x12.0"" (16ga)",16ga,1,,6.41,Galvanized Steel
669,Sheet Metal - Parts,"Part - 3.8""x24.0"" (16ga)",16ga,1,,1.53,Galvanized Steel
670,Sheet Metal - Parts,"Part - 3.8""x24.0"" (16ga)",16ga,1,,1.53,Galvanized Steel
671,Glazing,"Glazing - 24.0""x24.0""",,1,,,Plexiglass
672,Sheet Metal,"Sheet Metal Panel - 31.5""x96.0"" (16ga)",16ga,1,,51.28,Galvanized Steel
673,Sheet Metal,"Sheet Metal Panel - 31.5""x96.0"" (16ga)",16ga,1,,51.28,Galvanized Steel
674,Sheet Metal,"Sheet Metal Panel - 31.5""x96.0"" (16ga)",16ga,1,,51.28,Galvanized Steel
675,Sheet Metal - Parts,"Part - 31.5""x60.0"" (16ga)",16ga,1,,32.05,Galvanized Steel
676,Sheet Metal - Parts,"Part - 31.5""x12.0"" (16ga)",16ga,1,,6.41,Galvanized Steel
677,Sheet Metal - Parts,"Part - 3.8""x24.0"" (16ga)",16ga,1,,1.53,Galvanized Steel
678,Sheet Metal - Parts,"Part - 3.8""x24.0"" (16ga)",16ga,1,,1.53,Galvanized Steel
679,Glazing,"Glazing - 24.0""x24.0""",,1,,,Plexiglass
680,Sheet Metal,"Sheet Metal Panel - 31.5""x96.0"" (16ga)",16ga,1,,51.28,Galvanized Steel
681,Sheet Metal,"Sheet Metal Panel - 31.5""x96.0"" (16ga)",16ga,1,,51.28,Galvanized Steel
682,Sheet Metal - Parts,"Part - 31.5""x60.0"" (16ga)",16ga,1,,32.05,Galvanized Steel
683,Sheet Metal - Parts,"Part - 31.5""x12.0"" (16ga)",16ga,1,,6.41,Galvanized Steel
684,Sheet Metal - Parts,"Part - 3.8""x24.0"" (16ga)",16ga,1,,1.53,Galvanized Steel
685,Sheet Metal - Parts,"Part - 3.8""x24.0"" (16ga)",16ga,1,,1.53,Galvanized Steel
686,Glazing,"Glazing - 24.0""x24.0""",,1,,,Plexiglass
687,Sheet Metal,"Sheet Metal Panel - 31.5""x48.0"" (16ga)",16ga,1,,25.64,Galvanized Steel
688,Sheet Metal,"Sheet Metal Panel - 31.5""x48.0"" (16ga)",16ga,1,,25.64,Galvanized Steel
689,Sheet Metal,"Sheet Metal Panel - 31.5""x48.0"" (16ga)",16ga,1,,25.64,Galvanized Steel
690,Sheet Metal,"Sheet Metal Panel - 31.5""x48.0"" (16ga)",16ga,1,,25.64,Galvanized Steel
691,Sheet Metal,"Sheet Metal Panel - 31.5""x48.0"" (16ga)",16ga,1,,25.64,Galvanized Steel
692,Sheet Metal,"Sheet Metal Panel - 31.5""x48.0"" (16ga)",16ga,1,,25.64,Galvanized Steel
693,Sheet Metal,"Sheet Metal Panel - 31.5""x48.0"" (16ga)",16ga,1,,25.64,Galvanized Steel
694,Sheet Metal,"Sheet Metal Panel - 31.5""x48.0"" (16ga)",16ga,1,,25.64,Galvanized Steel
695,Sheet Metal,"Sheet Metal Panel - 31.5""x96.0"" (16ga)",16ga,1,,51.28,Galvanized Steel
696,Sheet Metal,"Sheet Metal Panel - 31.5""x96.0"" (16ga)",16ga,1,,51.28,Galvanized Steel
697,Sheet Metal,"Sheet Metal Panel - 31.5""x96.0"" (16ga)",16ga,1,,51.28,Galvanized Steel
698,Sheet Metal,"Sheet Metal Panel - 31.5""x96.0"" (16ga)",16ga,1,,51.28,Galvanized Steel
699,Sheet Metal,"Sheet Metal Panel - 31.5""x96.0"" (16ga)",16ga,1,,51.28,Galvanized Steel
700,Sheet Metal,"Sheet Metal Panel - 31.5""x96.0"" (16ga)",16ga,1,,51.28,Galvanized Steel
701,Sheet Metal,"Sheet Metal Panel - 31.5""x96.0"" (16ga)",16ga,1,,51.28,Galvanized Steel
702,Sheet Metal,"Sheet Metal Panel - 31.5""x96.0"" (16ga)",16ga,1,,51.28,Galvanized Steel
703,Sheet Metal,"Sheet Metal Panel - 32.0""x96.0"" (16ga)",16ga,1,,52.10,Galvanized Steel
704,Sheet Metal,"Sheet Metal Panel - 32.0""x96.0"" (16ga)",16ga,1,,52.10,Galvanized Steel
705,Sheet Metal,"Sheet Metal Panel - 32.0""x96.0"" (16ga)",16ga,1,,52.10,Galvanized Steel
706,Sheet Metal,"Sheet Metal Panel - 32.0""x48.0"" (16ga)",16ga,1,,26.05,Galvanized Steel
707,Sheet Metal,"Sheet Metal Panel - 32.0""x48.0"" (16ga)",16ga,1,,26.05,Galvanized Steel
708,Sheet Metal,"Sheet Metal Panel - 32.0""x48.0"" (16ga)",16ga,1,,26.05,Galvanized Steel
709,Sheet Metal,"Sheet Metal Panel - 32.0""x96.0"" (16ga)",16ga,1,,52.10,Galvanized Steel
710,Sheet Metal,"Sheet Metal Panel - 32.0""x96.0"" (16ga)",16ga,1,,52.10,Galvanized Steel
711,Sheet Metal,"Sheet Metal Panel - 32.0""x96.0"" (16ga)",16ga,1,,52.10,Galvanized Steel
712,Sheet Metal,"Sheet Metal Panel - 32.0""x48.0"" (16ga)",16ga,1,,26.05,Galvanized Steel
713,Sheet Metal,"Sheet Metal Panel - 32.0""x48.0"" (16ga)",16ga,1,,26.05,Galvanized Steel
714,Sheet Metal,"Sheet Metal Panel - 32.0""x48.0"" (16ga)",16ga,1,,26.05,Galvanized Steel
715,Sheet Metal,"Sheet Metal Panel - 31.5""x96.0"" (16ga)",16ga,1,,51.28,Galvanized Steel
716,Sheet Metal,"Sheet Metal Panel - 31.5""x96.0"" (16ga)",16ga,1,,51.28,Galvanized Steel
717,Sheet Metal,"Sheet Metal Panel - 31.5""x96.0"" (16ga)",16ga,1,,51.28,Galvanized Steel
718,Sheet Metal,"Sheet Metal Panel - 31.5""x96.0"" (16ga)",16ga,1,,51.28,Galvanized Steel
719,Sheet Metal,"Sheet Metal Panel - 31.5""x96.0"" (16ga)",16ga,1,,51.28,Galvanized Steel
720,Sheet Metal,"Sheet Metal Panel - 31.5""x96.0"" (16ga)",16ga,1,,51.28,Galvanized Steel
721,Sheet Metal,"Sheet Metal Panel - 31.5""x96.0"" (16ga)",16ga,1,,51.28,Galvanized Steel
722,Sheet Metal,"Sheet Metal Panel - 31.5""x96.0"" (16ga)",16ga,1,,51.28,Galvanized Steel
723,MEP - Ductwork,Rectangular Duct - Straight,"72.0""W x 36.0""H, L: 24.0""",1,,,
724,MEP - Ductwork,Rectangular Duct - Elbow,"36.0""W x 72.0""H",1,,,
725,MEP - Ductwork,Rectangular Duct - Elbow,"72.0""W x 36.0""H",1,,,
726,MEP - Ductwork,Rectangular Duct - Straight,"72.0""W x 36.0""H, L: 120.0""",1,,,
727,MEP - Ductwork,Rectangular Duct - Elbow,"36.0""W x 72.0""H",1,,,
728,MEP - Ductwork,Rectangular Duct - Straight,"72.0""W x 36.0""H, L: 32.0""",1,,,
729,MEP - Ductwork,Rectangular Duct - Straight,"72.0""W x 36.0""H, L: 40.0""",1,,,
730,MEP - Ductwork,Rectangular Duct - Straight,"72.0""W x 36.0""H, L: 72.0""",1,,,
731,MEP - Ductwork,Round Duct - Straight,"18.0"" Dia, L: 18.0""",1,,,
732,MEP - Ductwork,Round Duct - Straight,"18.0"" Dia, L: 30.0""",1,,,
733,MEP - Ductwork,Round Duct - Elbow,"18.0"" Dia",1,,,
734,MEP - Ductwork,Round Duct - Straight,"18.0"" Dia, L: 12.0""",1,,,
735,MEP - Ductwork,Round Duct - Straight,"18.0"" Dia, L: 60.0""",1,,,
736,MEP - Ductwork,Round Duct - Elbow,"18.0"" Dia",1,,,
737,Sheet Metal,"Sheet Metal Panel - 24.0""x57.0"" (16ga)",16ga,1,,23.20,Galvanized Steel
738,Sheet Metal,"Sheet Metal Panel - 24.0""x57.0"" (16ga)",16ga,1,,23.20,Galvanized Steel
739,Sheet Metal,"Sheet Metal Panel - 24.0""x57.0"" (16ga)",16ga,1,,23.20,Galvanized Steel
740,Sheet Metal,"Sheet Metal Panel - 24.0""x57.0"" (16ga)",16ga,1,,23.20,Galvanized Steel
741,Sheet Metal,"Sheet Metal Panel - 24.0""x48.0"" (16ga)",16ga,1,,19.54,Galvanized Steel
742,Sheet Metal,"Sheet Metal Panel - 24.0""x48.0"" (16ga)",16ga,1,,19.54,Galvanized Steel
743,Sheet Metal,"Sheet Metal Panel - 24.0""x57.0"" (16ga)",16ga,1,,23.20,Galvanized Steel
744,Sheet Metal,"Sheet Metal Panel - 24.0""x57.0"" (16ga)",16ga,1,,23.20,Galvanized Steel
745,Sheet Metal,"Sheet Metal Panel - 24.0""x57.0"" (16ga)",16ga,1,,23.20,Galvanized Steel
746,Sheet Metal,"Sheet Metal Panel - 24.0""x57.0"" (16ga)",16ga,1,,23.20,Galvanized Steel
747,Sheet Metal,"Sheet Metal Panel - 24.0""x48.0"" (16ga)",16ga,1,,19.54,Galvanized Steel
748,Sheet Metal,"Sheet Metal Panel - 24.0""x48.0"" (16ga)",16ga,1,,19.54,Galvanized Steel
